"ID","Gemeinde_it","Text_it","ID.1"
1,"Aeugst am Albis ZH","NA<br><br>NA<br><br>NA",1
2,"Affoltern am Albis ZH","NA<br><br>",2
3,"Bonstetten ZH","NA<br><br>NA<br><br>NA",3
4,"Hausen am Albis ZH","NA<br><br>NA<br><br>NA",4
5,"Hedingen ZH","NA<br><br>NA<br><br>NA",5
6,"Kappel am Albis ZH","NA<br><br>NA<br><br>",6
7,"Knonau ZH","NA<br><br>NA<br><br>NA",7
8,"Maschwanden ZH","NA<br><br>NA",8
9,"Mettmenstetten ZH","NA<br><br>NA<br><br>NA",9
10,"Obfelden ZH","NA<br><br>NA<br><br>",10
11,"Ottenbach ZH","NA<br><br>NA<br><br>NA",11
12,"Rifferswil ZH","NA<br><br>NA<br><br>NA",12
13,"Stallikon ZH","NA<br><br>NA<br><br>NA",13
14,"Wettswil am Albis ZH","NA<br><br>NA<br><br>NA",14
21,"Adlikon ZH","NA<br><br>NA<br><br>NA",21
22,"Benken ZH","NA<br><br>NA",22
23,"Berg am Irchel ZH","NA<br><br>NA<br><br>NA",23
24,"Buch am Irchel ZH","NA<br><br>NA",24
25,"Dachsen ZH","NA<br><br>NA<br><br>NA",25
26,"Dorf ZH","NA<br><br>NA",26
27,"Feuerthalen ZH","NA<br><br>NA<br><br>NA",27
28,"Flaach ZH","NA<br><br>NA",28
29,"Flurlingen ZH","NA<br><br>NA<br><br>NA",29
30,"Andelfingen ZH","NA<br><br>NA<br><br>NA",30
31,"Henggart ZH","NA<br><br>NA",31
32,"Humlikon ZH","NA<br><br>NA",32
33,"Kleinandelfingen ZH","NA<br><br>NA",33
34,"Laufen-Uhwiesen ZH","NA<br><br>NA",34
35,"Marthalen ZH","NA<br><br>NA",35
37,"Ossingen ZH","NA<br><br>NA",37
38,"Rheinau ZH","NA<br><br>",38
39,"Thalheim an der Thur ZH","NA<br><br>NA<br><br>NA",39
40,"Trüllikon ZH","NA<br><br>NA",40
41,"Truttikon ZH","NA<br><br>NA",41
43,"Volken ZH","NA<br><br>NA",43
51,"Bachenbülach ZH","NA<br><br>NA<br><br>NA",51
52,"Bassersdorf ZH","NA<br><br>",52
53,"Bülach ZH","NA<br><br>NA<br><br>NA",53
54,"Dietlikon ZH","NA<br><br>NA<br><br>NA",54
55,"Eglisau ZH","NA<br><br>NA<br><br>NA",55
56,"Embrach ZH","NA<br><br>NA",56
57,"Freienstein-Teufen ZH","NA<br><br>NA",57
58,"Glattfelden ZH","NA<br><br>NA",58
59,"Hochfelden ZH","NA<br><br>NA",59
60,"Höri ZH","NA<br><br>NA<br><br>NA",60
61,"Hüntwangen ZH","NA<br><br>NA",61
62,"Kloten ZH","NA<br><br>NA",62
63,"Lufingen ZH","NA<br><br>NA",63
64,"Nürensdorf ZH","NA<br><br>NA",64
65,"Oberembrach ZH","NA<br><br>NA<br><br>NA",65
66,"Opfikon ZH","NA<br><br>NA<br><br>NA",66
67,"Rafz ZH","NA<br><br>NA",67
68,"Rorbas ZH","NA<br><br>NA",68
69,"Wallisellen ZH","NA<br><br>NA<br><br>NA",69
70,"Wasterkingen ZH","NA<br><br>NA",70
71,"Wil ZH ZH","NA<br><br>NA",71
72,"Winkel ZH","NA<br><br>NA<br><br>NA",72
81,"Bachs ZH","NA<br><br>NA<br><br>NA",81
82,"Boppelsen ZH","NA<br><br>NA",82
83,"Buchs ZH","NA<br><br>NA<br><br>",83
84,"Dällikon ZH","NA<br><br>NA",84
85,"Dänikon ZH","NA<br><br>NA",85
86,"Dielsdorf ZH","NA<br><br>NA",86
87,"Hüttikon ZH","NA<br><br>NA<br><br>NA",87
88,"Neerach ZH","NA<br><br>NA",88
89,"Niederglatt ZH","NA<br><br>NA",89
90,"Niederhasli ZH","NA<br><br>NA",90
91,"Niederweningen ZH","NA<br><br>NA<br><br>NA",91
92,"Oberglatt ZH","NA<br><br>NA",92
93,"Oberweningen ZH","NA<br><br>NA",93
94,"Otelfingen ZH","NA<br><br>NA<br><br>NA",94
95,"Regensberg ZH","NA<br><br>",95
96,"Regensdorf ZH","NA<br><br>NA",96
97,"Rümlang ZH","NA<br><br>NA",97
98,"Schleinikon ZH","NA<br><br>NA",98
99,"Schöfflisdorf ZH","NA<br><br>NA",99
100,"Stadel ZH","NA<br><br>NA<br><br>NA",100
101,"Steinmaur ZH","NA<br><br>NA<br><br>",101
102,"Weiach ZH","NA<br><br>",102
111,"Bäretswil ZH","NA<br><br>NA",111
112,"Bubikon ZH","NA<br><br>NA<br><br>NA",112
113,"Dürnten ZH","NA<br><br>NA",113
114,"Fischenthal ZH","NA<br><br>NA<br><br>NA",114
115,"Gossau ZH","NA<br><br>NA",115
116,"Grüningen ZH","NA<br><br>NA",116
117,"Hinwil ZH","NA<br><br>NA",117
118,"Rüti ZH","NA<br><br>NA<br><br>NA",118
119,"Seegräben ZH","NA<br><br>NA<br><br>NA",119
120,"Wald ZH","NA<br><br>NA",120
121,"Wetzikon ZH","NA<br><br>NA<br><br>NA",121
131,"Adliswil ZH","NA<br><br>",131
135,"Kilchberg ZH","NA<br><br>NA<br><br>NA",135
136,"Langnau am Albis ZH","NA<br><br>NA<br><br>NA",136
137,"Oberrieden ZH","NA<br><br>",137
138,"Richterswil ZH","NA<br><br>NA<br><br>NA",138
139,"Rüschlikon ZH","NA<br><br>NA<br><br>NA",139
141,"Thalwil ZH","NA<br><br>NA",141
151,"Erlenbach ZH","NA<br><br>NA<br><br>NA",151
152,"Herrliberg ZH","NA<br><br>NA<br><br>NA",152
153,"Hombrechtikon ZH","NA<br><br>NA<br><br>",153
154,"Küsnacht ZH","NA<br><br>NA",154
155,"Männedorf ZH","NA<br><br>NA<br><br>NA",155
156,"Meilen ZH","NA<br><br>NA<br><br>NA",156
157,"Oetwil am See ZH","NA<br><br>NA",157
158,"Stäfa ZH","NA<br><br>NA<br><br>NA",158
159,"Uetikon am See ZH","NA<br><br>NA<br><br>NA",159
160,"Zumikon ZH","NA<br><br>NA<br><br>NA",160
161,"Zollikon ZH","NA<br><br>NA<br><br>NA",161
172,"Fehraltorf ZH","NA<br><br>NA<br><br>NA",172
173,"Hittnau ZH","NA<br><br>NA",173
176,"Lindau ZH","NA<br><br>NA<br><br>",176
177,"Pfäffikon ZH","NA<br><br>NA<br><br>",177
178,"Russikon ZH","NA<br><br>NA",178
180,"Weisslingen ZH","NA<br><br>NA",180
181,"Wila ZH","NA<br><br>NA",181
182,"Wildberg ZH","NA<br><br>NA",182
191,"Dübendorf ZH","NA<br><br>NA<br><br>NA",191
192,"Egg ZH","NA<br><br>NA<br><br>NA",192
193,"Fällanden ZH","NA<br><br>NA<br><br>NA",193
194,"Greifensee ZH","NA<br><br>NA<br><br>NA",194
195,"Maur ZH","NA<br><br>NA<br><br>NA",195
196,"Mönchaltorf ZH","NA<br><br>NA<br><br>NA",196
197,"Schwerzenbach ZH","NA<br><br>NA<br><br>NA",197
198,"Uster ZH","NA<br><br>NA<br><br>NA",198
199,"Volketswil ZH","NA<br><br>NA",199
200,"Wangen-Brüttisellen ZH","NA<br><br>NA<br><br>NA",200
211,"Altikon ZH","NA<br><br>NA<br><br>NA",211
213,"Brütten ZH","NA<br><br>NA<br><br>NA",213
214,"Dägerlen ZH","NA<br><br>NA",214
215,"Dättlikon ZH","NA<br><br>NA",215
216,"Dinhard ZH","NA<br><br>NA",216
218,"Ellikon an der Thur ZH","NA<br><br>NA",218
219,"Elsau ZH","NA<br><br>NA<br><br>NA",219
220,"Hagenbuch ZH","NA<br><br>NA<br><br>NA",220
221,"Hettlingen ZH","NA<br><br>NA<br><br>NA",221
223,"Neftenbach ZH","NA<br><br>NA",223
224,"Pfungen ZH","NA<br><br>NA",224
225,"Rickenbach ZH","NA<br><br>NA",225
226,"Schlatt ZH","NA<br><br>NA",226
227,"Seuzach ZH","NA<br><br>NA<br><br>NA",227
228,"Turbenthal ZH","NA<br><br>NA",228
230,"Winterthur ZH","NA<br><br>NA<br><br>",230
231,"Zell ZH","NA<br><br>NA",231
241,"Aesch ZH","NA<br><br>NA<br><br>NA",241
242,"Birmensdorf ZH","NA<br><br>NA<br><br>",242
243,"Dietikon ZH","NA<br><br>NA<br><br>NA",243
244,"Geroldswil ZH","NA<br><br>NA",244
245,"Oberengstringen ZH","NA<br><br>",245
246,"Oetwil an der Limmat ZH","NA<br><br>NA<br><br>NA",246
247,"Schlieren ZH","NA<br><br>NA<br><br>NA",247
248,"Uitikon ZH","NA<br><br>NA<br><br>NA",248
249,"Unterengstringen ZH","NA<br><br>NA<br><br>NA",249
250,"Urdorf ZH","NA<br><br>",250
251,"Weiningen ZH","NA<br><br>NA",251
261,"Zurigo ZH","NA<br><br>NA<br><br>NA",261
292,"Stammheim ZH","NA<br><br>NA<br><br>NA",292
293,"Wädenswil ZH","NA<br><br>",293
294,"Elgg ZH","NA<br><br>NA<br><br>",294
295,"Horgen ZH","NA<br><br>",295
296,"Illnau-Effretikon ZH","NA<br><br>",296
297,"Bauma ZH","NA<br><br>NA",297
298,"Wiesendangen ZH","NA<br><br>NA",298
301,"Aarberg BE","NA<br><br>",301
302,"Bargen BE BE","NA<br><br>NA",302
303,"Grossaffoltern BE","NA<br><br>",303
304,"Kallnach BE","NA<br><br>NA",304
305,"Kappelen BE","NA<br><br>NA",305
306,"Lyss BE","NA<br><br>NA<br><br>NA",306
307,"Meikirch BE","NA<br><br>NA<br><br>NA",307
309,"Radelfingen BE","NA<br><br>NA",309
310,"Rapperswil BE BE","NA<br><br>NA",310
311,"Schüpfen BE","NA<br><br>NA<br><br>NA",311
312,"Seedorf BE BE","NA<br><br>NA",312
321,"Aarwangen BE","NA<br><br>NA",321
322,"Auswil BE","NA<br><br>NA<br><br>NA",322
323,"Bannwil BE","NA<br><br>NA",323
324,"Bleienbach BE","NA<br><br>NA<br><br>NA",324
325,"Busswil bei Melchnau BE","NA<br><br>NA<br><br>NA",325
326,"Gondiswil BE","NA<br><br>NA<br><br>NA",326
329,"Langenthal BE","NA<br><br>NA",329
331,"Lotzwil BE","NA<br><br>NA<br><br>NA",331
332,"Madiswil BE","NA<br><br>NA",332
333,"Melchnau BE","NA<br><br>NA",333
334,"Obersteckholz BE","NA<br><br>NA",334
335,"Oeschenbach BE","NA<br><br>NA<br><br>NA",335
336,"Reisiswil BE","NA<br><br>NA<br><br>NA",336
337,"Roggwil BE","NA<br><br>",337
338,"Rohrbach BE","NA<br><br>NA",338
339,"Rohrbachgraben BE","NA<br><br>NA",339
340,"Rütschelen BE","NA<br><br>NA",340
341,"Schwarzhäusern BE","NA<br><br>NA",341
342,"Thunstetten BE","NA<br><br>NA",342
344,"Ursenbach BE","NA<br><br>NA<br><br>NA",344
345,"Wynau BE","NA<br><br>",345
351,"Berna BE","NA<br><br>NA<br><br>NA",351
352,"Bolligen BE","NA<br><br>",352
353,"Bremgarten bei Bern BE","NA<br><br>NA<br><br>NA",353
354,"Kirchlindach BE","NA<br><br>NA<br><br>NA",354
355,"Köniz BE","NA<br><br>NA<br><br>",355
356,"Muri bei Bern BE","NA<br><br>",356
357,"Oberbalm BE","NA<br><br>NA<br><br>",357
358,"Stettlen BE","NA<br><br>",358
359,"Vechigen BE","NA<br><br>NA<br><br>NA",359
360,"Wohlen bei Bern BE","NA<br><br>NA",360
361,"Zollikofen BE","NA<br><br>NA<br><br>NA",361
362,"Ittigen BE","NA<br><br>",362
363,"Ostermundigen BE","NA<br><br>NA",363
371,"Biel BE BE","NA<br><br>NA",371
372,"Leubringen BE","NA<br><br>NA<br><br>NA",372
381,"Arch BE","NA<br><br>NA",381
382,"Büetigen BE","NA<br><br>NA",382
383,"Büren an der Aare BE","NA<br><br>NA",383
385,"Diessbach bei Büren BE","NA<br><br>NA",385
386,"Dotzigen BE","NA<br><br>NA<br><br>NA",386
387,"Lengnau BE","NA<br><br>NA<br><br>NA",387
388,"Leuzigen BE","NA<br><br>NA",388
390,"Meinisberg BE","NA<br><br>NA",390
391,"Oberwil bei Büren BE","NA<br><br>NA",391
392,"Pieterlen BE","NA<br><br>NA",392
393,"Rüti bei Büren BE","NA<br><br>NA<br><br>NA",393
394,"Wengi BE","NA<br><br>NA<br><br>NA",394
401,"Aefligen BE","NA<br><br>NA",401
402,"Alchenstorf BE","NA<br><br>NA<br><br>NA",402
403,"Bäriswil BE","NA<br><br>NA",403
404,"Burgdorf BE","NA<br><br>NA<br><br>NA",404
405,"Ersigen BE","NA<br><br>NA",405
406,"Hasle bei Burgdorf BE","NA<br><br>NA",406
407,"Heimiswil BE","NA<br><br>NA",407
409,"Hindelbank BE","NA<br><br>NA",409
410,"Höchstetten BE","NA<br><br>NA<br><br>NA",410
411,"Kernenried BE","NA<br><br>NA",411
412,"Kirchberg BE","NA<br><br>NA<br><br>NA",412
413,"Koppigen BE","NA<br><br>NA",413
414,"Krauchthal BE","NA<br><br>NA",414
415,"Lyssach BE","NA<br><br>NA",415
416,"Mötschwil BE","NA<br><br>NA",416
418,"Oberburg BE","NA<br><br>NA",418
420,"Rüdtligen-Alchenflüh BE","NA<br><br>NA",420
421,"Rumendingen BE","NA<br><br>NA<br><br>NA",421
423,"Willadingen BE","NA<br><br>NA<br><br>NA",423
424,"Wynigen BE","NA<br><br>NA",424
431,"Corgémont BE","NA<br><br>NA",431
432,"Cormoret BE","NA<br><br>NA<br><br>NA",432
433,"Cortébert BE","NA<br><br>NA",433
434,"Courtelary BE","NA<br><br>NA<br><br>NA",434
435,"La Ferrière BE","NA<br><br>NA<br><br>NA",435
437,"Mont-Tramelan BE","NA<br><br>NA",437
438,"Orvin BE","NA<br><br>NA<br><br>NA",438
441,"Renan BE","NA<br><br>NA<br><br>NA",441
442,"Romont BE","NA<br><br>NA<br><br>NA",442
443,"St. Immer BE","NA<br><br>NA<br><br>NA",443
444,"Sonceboz-Sombeval BE","NA<br><br>NA<br><br>NA",444
445,"Sonvilier BE","NA<br><br>NA",445
446,"Tramelan BE","NA<br><br>NA<br><br>NA",446
448,"Villeret BE","NA<br><br>NA<br><br>NA",448
449,"Sauge BE","NA<br><br>NA<br><br>NA",449
450,"Péry-La Heutte BE","NA<br><br>NA<br><br>NA",450
491,"Brüttelen BE","NA<br><br>NA",491
492,"Erlach BE","NA<br><br>NA<br><br>NA",492
493,"Finsterhennen BE","NA<br><br>NA",493
494,"Gals BE","NA<br><br>NA<br><br>NA",494
495,"Gampelen BE","NA<br><br>NA",495
496,"Ins BE","NA<br><br>NA<br><br>NA",496
497,"Lüscherz BE","NA<br><br>NA<br><br>NA",497
498,"Müntschemier BE","NA<br><br>NA",498
499,"Siselen BE","NA<br><br>NA",499
500,"Treiten BE","NA<br><br>NA<br><br>NA",500
501,"Tschugg BE","NA<br><br>NA<br><br>NA",501
502,"Vinelz BE","NA<br><br>NA<br><br>NA",502
533,"Bätterkinden BE","NA<br><br>",533
536,"Diemerswil BE","NA<br><br>NA",536
538,"Fraubrunnen BE","NA<br><br>NA<br><br>NA",538
540,"Jegenstorf BE","NA<br><br>NA<br><br>NA",540
541,"Iffwil BE","NA<br><br>NA",541
543,"Mattstetten BE","NA<br><br>NA",543
544,"Moosseedorf BE","NA<br><br>NA<br><br>NA",544
546,"Münchenbuchsee BE","NA<br><br>NA<br><br>NA",546
551,"Urtenen-Schönbühl BE","NA<br><br>NA<br><br>NA",551
552,"Utzenstorf BE","NA<br><br>NA",552
553,"Wiggiswil BE","NA<br><br>NA<br><br>NA",553
554,"Wiler bei Utzenstorf BE","NA<br><br>NA<br><br>NA",554
556,"Zielebach BE","NA<br><br>NA<br><br>NA",556
557,"Zuzwil BE BE","NA<br><br>NA<br><br>NA",557
561,"Adelboden BE","NA<br><br>NA",561
562,"Aeschi bei Spiez BE","NA<br><br>NA",562
563,"Frutigen BE","NA<br><br>NA",563
564,"Kandergrund BE","NA<br><br>",564
565,"Kandersteg BE","NA<br><br>NA",565
566,"Krattigen BE","NA<br><br>NA<br><br>NA",566
567,"Reichenbach im Kandertal BE","NA<br><br>NA<br><br>NA",567
571,"Beatenberg BE","NA<br><br>NA",571
572,"Bönigen BE","NA<br><br>NA<br><br>NA",572
573,"Brienz BE","NA<br><br>NA",573
574,"Brienzwiler BE","NA<br><br>NA<br><br>NA",574
575,"Därligen BE","NA<br><br>NA<br><br>NA",575
576,"Grindelwald BE","NA<br><br>NA<br><br>NA",576
577,"Gsteigwiler BE","NA<br><br>NA<br><br>NA",577
578,"Gündlischwand BE","NA<br><br>NA<br><br>NA",578
579,"Habkern BE","NA<br><br>NA<br><br>NA",579
580,"Hofstetten bei Brienz BE","NA<br><br>NA",580
581,"Interlaken BE","NA<br><br>NA<br><br>NA",581
582,"Iseltwald BE","NA<br><br>NA<br><br>NA",582
584,"Lauterbrunnen BE","NA<br><br>NA",584
585,"Leissigen BE","NA<br><br>NA",585
586,"Lütschental BE","NA<br><br>NA<br><br>NA",586
587,"Matten bei Interlaken BE","NA<br><br>NA<br><br>NA",587
588,"Niederried bei Interlaken BE","NA<br><br>NA<br><br>NA",588
589,"Oberried am Brienzersee BE","NA<br><br>NA<br><br>NA",589
590,"Ringgenberg BE","NA<br><br>NA",590
591,"Saxeten BE","NA<br><br>NA<br><br>NA",591
592,"Schwanden bei Brienz BE","NA<br><br>NA",592
593,"Unterseen BE","NA<br><br>NA<br><br>NA",593
594,"Wilderswil BE","NA<br><br>NA",594
602,"Arni BE","NA<br><br>NA<br><br>NA",602
603,"Biglen BE","NA<br><br>NA",603
605,"Bowil BE","NA<br><br>",605
606,"Brenzikofen BE","NA<br><br>NA",606
607,"Freimettigen BE","NA<br><br>NA",607
608,"Grosshöchstetten BE","NA<br><br>NA<br><br>NA",608
609,"Häutligen BE","NA<br><br>NA<br><br>NA",609
610,"Herbligen BE","NA<br><br>NA",610
611,"Kiesen BE","NA<br><br>NA<br><br>NA",611
612,"Konolfingen BE","NA<br><br>NA<br><br>NA",612
613,"Landiswil BE","NA<br><br>",613
614,"Linden BE","NA<br><br>NA<br><br>NA",614
615,"Mirchel BE","NA<br><br>NA<br><br>NA",615
616,"Münsingen BE","NA<br><br>NA<br><br>NA",616
617,"Niederhünigen BE","NA<br><br>NA",617
619,"Oberdiessbach BE","NA<br><br>NA",619
620,"Oberthal BE","NA<br><br>NA",620
622,"Oppligen BE","NA<br><br>NA",622
623,"Rubigen BE","NA<br><br>",623
626,"Walkringen BE","NA<br><br>NA<br><br>NA",626
627,"Worb BE","NA<br><br>NA<br><br>NA",627
628,"Zäziwil BE","NA<br><br>NA",628
629,"Oberhünigen BE","NA<br><br>NA<br><br>NA",629
630,"Allmendingen BE","NA<br><br>NA",630
632,"Wichtrach BE","NA<br><br>NA<br><br>NA",632
662,"Ferenbalm BE","NA<br><br>NA",662
663,"Frauenkappelen BE","NA<br><br>NA<br><br>NA",663
665,"Gurbrü BE","NA<br><br>NA<br><br>NA",665
666,"Kriechenwil BE","NA<br><br>NA<br><br>NA",666
667,"Laupen BE","NA<br><br>NA<br><br>NA",667
668,"Mühleberg BE","NA<br><br>NA",668
669,"Münchenwiler BE","NA<br><br>NA",669
670,"Neuenegg BE","NA<br><br>NA",670
671,"Wileroltigen BE","NA<br><br>",671
681,"Belprahon BE","NA<br><br>NA",681
683,"Champoz BE","NA<br><br>NA<br><br>NA",683
687,"Corcelles BE","NA<br><br>NA",687
690,"Court BE","NA<br><br>NA",690
691,"Crémines BE","NA<br><br>NA<br><br>NA",691
692,"Eschert BE","NA<br><br>NA",692
694,"Grandval BE","NA<br><br>NA",694
696,"Loveresse BE","NA<br><br>NA<br><br>NA",696
700,"Moutier BE","NA<br><br>NA<br><br>NA",700
701,"Perrefitte BE","NA<br><br>NA",701
703,"Reconvilier BE","NA<br><br>NA",703
704,"Roches BE BE","NA<br><br>NA<br><br>NA",704
706,"Saicourt BE","NA<br><br>NA<br><br>NA",706
707,"Saules BE","NA<br><br>NA<br><br>NA",707
708,"Schelten BE","NA<br><br>",708
709,"Seehof BE","NA<br><br>NA<br><br>NA",709
711,"Sorvilier BE","NA<br><br>NA<br><br>NA",711
713,"Tavannes BE","NA<br><br>NA<br><br>NA",713
715,"Rebévelier BE","NA<br><br>NA",715
716,"Petit-Val BE","NA<br><br>NA",716
717,"Valbirse BE","NA<br><br>NA<br><br>NA",717
723,"Neuenstadt BE","NA<br><br>NA<br><br>NA",723
724,"Nods BE","NA<br><br>NA<br><br>NA",724
726,"Plateau de Diesse BE","NA<br><br>NA<br><br>NA",726
731,"Aegerten BE","NA<br><br>NA<br><br>NA",731
732,"Bellmund BE","NA<br><br>NA<br><br>NA",732
733,"Brügg BE","NA<br><br>NA",733
734,"Bühl BE","NA<br><br>NA",734
735,"Epsach BE","NA<br><br>NA<br><br>NA",735
736,"Hagneck BE","NA<br><br>NA",736
737,"Hermrigen BE","NA<br><br>NA",737
738,"Jens BE","NA<br><br>",738
739,"Ipsach BE","NA<br><br>NA<br><br>NA",739
740,"Ligerz BE","NA<br><br>NA<br><br>NA",740
741,"Merzligen BE","NA<br><br>NA<br><br>NA",741
742,"Mörigen BE","NA<br><br>NA<br><br>NA",742
743,"Nidau BE","NA<br><br>NA<br><br>NA",743
744,"Orpund BE","NA<br><br>NA<br><br>NA",744
745,"Port BE","NA<br><br>",745
746,"Safnern BE","NA<br><br>NA",746
747,"Scheuren BE","NA<br><br>NA",747
748,"Schwadernau BE","NA<br><br>NA",748
749,"Studen BE BE","NA<br><br>NA",749
750,"Sutz-Lattrigen BE","NA<br><br>NA<br><br>NA",750
751,"Täuffelen BE","NA<br><br>NA<br><br>NA",751
754,"Walperswil BE","NA<br><br>NA",754
755,"Worben BE","NA<br><br>NA",755
756,"Twann-Tüscherz BE","NA<br><br>NA<br><br>NA",756
761,"Därstetten BE","NA<br><br>NA<br><br>",761
762,"Diemtigen BE","NA<br><br>",762
763,"Erlenbach im Simmental BE","NA<br><br>NA<br><br>NA",763
766,"Oberwil im Simmental BE","NA<br><br>",766
767,"Reutigen BE","NA<br><br>NA",767
768,"Spiez BE","NA<br><br>NA<br><br>NA",768
769,"Wimmis BE","NA<br><br>NA",769
770,"Stocken-Höfen BE","NA<br><br>NA<br><br>NA",770
782,"Guttannen BE","NA<br><br>NA<br><br>NA",782
783,"Hasliberg BE","NA<br><br>NA<br><br>NA",783
784,"Innertkirchen BE","NA<br><br>NA<br><br>NA",784
785,"Meiringen BE","NA<br><br>NA",785
786,"Schattenhalb BE","NA<br><br>NA<br><br>NA",786
791,"Boltigen BE","NA<br><br>NA<br><br>NA",791
792,"Lenk BE","NA<br><br>NA<br><br>NA",792
793,"St. Stephan BE","NA<br><br>NA<br><br>NA",793
794,"Zweisimmen BE","NA<br><br>NA<br><br>NA",794
841,"Gsteig BE","NA<br><br>NA<br><br>NA",841
842,"Lauenen BE","NA<br><br>NA<br><br>NA",842
843,"Saanen BE","NA<br><br>NA<br><br>NA",843
852,"Guggisberg BE","NA<br><br>NA<br><br>NA",852
853,"Rüschegg BE","NA<br><br>NA",853
855,"Schwarzenburg BE","NA<br><br>NA",855
861,"Belp BE","NA<br><br>NA<br><br>NA",861
863,"Burgistein BE","NA<br><br>",863
866,"Gerzensee BE","NA<br><br>NA",866
867,"Gurzelen BE","NA<br><br>NA",867
868,"Jaberg BE","NA<br><br>NA<br><br>NA",868
869,"Kaufdorf BE","NA<br><br>NA<br><br>NA",869
870,"Kehrsatz BE","NA<br><br>",870
872,"Kirchdorf BE","NA<br><br>NA",872
873,NA,"NA<br><br>NA<br><br>",873
874,NA,"NA<br><br>NA",874
876,NA,"NA<br><br>NA<br><br>NA",876
879,"Riggisberg BE","NA<br><br>",879
880,"Rüeggisberg BE","NA<br><br>NA<br><br>NA",880
881,"Rümligen BE","NA<br><br>NA<br><br>NA",881
883,"Seftigen BE","NA<br><br>NA",883
884,"Toffen BE","NA<br><br>NA",884
885,"Uttigen BE","NA<br><br>NA",885
886,"Wattenwil BE","NA<br><br>NA",886
888,"Wald BE BE","NA<br><br>NA",888
901,"Eggiwil BE","NA<br><br>",901
902,"Langnau im Emmental BE","NA<br><br>NA<br><br>",902
903,"Lauperswil BE","NA<br><br>NA<br><br>NA",903
904,"Röthenbach im Emmental BE","NA<br><br>NA<br><br>NA",904
905,"Rüderswil BE","NA<br><br>",905
906,"Schangnau BE","NA<br><br>NA<br><br>NA",906
907,"Signau BE","NA<br><br>NA",907
908,"Trub BE","NA<br><br>",908
909,"Trubschachen BE","NA<br><br>NA",909
921,"Amsoldingen BE","NA<br><br>NA",921
922,"Blumenstein BE","NA<br><br>NA",922
923,"Buchholterberg BE","NA<br><br>NA<br><br>",923
924,"Eriz BE","NA<br><br>NA<br><br>NA",924
925,"Fahrni BE","NA<br><br>NA<br><br>NA",925
927,"Heiligenschwendi BE","NA<br><br>NA",927
928,"Heimberg BE","NA<br><br>NA",928
929,"Hilterfingen BE","NA<br><br>NA<br><br>NA",929
931,"Homberg BE","NA<br><br>",931
932,"Horrenbach-Buchen BE","NA<br><br>NA<br><br>NA",932
934,"Oberhofen am Thunersee BE","NA<br><br>NA<br><br>NA",934
935,"Oberlangenegg BE","NA<br><br>NA<br><br>NA",935
936,"Pohlern BE","NA<br><br>",936
937,NA,"NA<br><br>NA<br><br>NA",937
938,"Sigriswil BE","NA<br><br>NA<br><br>NA",938
939,"Steffisburg BE","NA<br><br>NA<br><br>NA",939
940,"Teuffenthal BE","NA<br><br>NA<br><br>NA",940
941,"Thierachern BE","NA<br><br>NA",941
942,"Thun BE","NA<br><br>NA<br><br>NA",942
943,"Uebeschi BE","NA<br><br>NA",943
944,"Uetendorf BE","NA<br><br>NA",944
945,"Unterlangenegg BE","NA<br><br>NA<br><br>NA",945
946,"Wachseldorn BE","NA<br><br>NA<br><br>NA",946
947,"Zwieselberg BE","NA<br><br>NA",947
948,"Forst-Längenbühl BE","NA<br><br>NA<br><br>NA",948
951,"Affoltern im Emmental BE","NA<br><br>",951
952,"Dürrenroth BE","NA<br><br>",952
953,"Eriswil BE","NA<br><br>NA",953
954,"Huttwil BE","NA<br><br>NA",954
955,"Lützelflüh BE","NA<br><br>NA",955
956,"Rüegsau BE","NA<br><br>NA",956
957,"Sumiswald BE","NA<br><br>NA",957
958,"Trachselwald BE","NA<br><br>NA<br><br>NA",958
959,"Walterswil BE","NA<br><br>NA<br><br>NA",959
960,"Wyssachen BE","NA<br><br>NA<br><br>NA",960
971,"Attiswil BE","NA<br><br>NA",971
972,"Berken BE","NA<br><br>NA<br><br>NA",972
973,"Bettenhausen BE","NA<br><br>NA",973
975,"Farnern BE","NA<br><br>NA<br><br>NA",975
976,"Graben BE","NA<br><br>NA<br><br>NA",976
977,"Heimenhausen BE","NA<br><br>NA",977
979,"Herzogenbuchsee BE","NA<br><br>NA<br><br>NA",979
980,"Inkwil BE","NA<br><br>NA",980
981,"Niederbipp BE","NA<br><br>NA",981
982,"Niederönz BE","NA<br><br>NA<br><br>NA",982
983,"Oberbipp BE","NA<br><br>NA",983
985,"Ochlenberg BE","NA<br><br>NA",985
987,"Rumisberg BE","NA<br><br>NA<br><br>NA",987
988,"Seeberg BE","NA<br><br>NA<br><br>NA",988
989,"Thörigen BE","NA<br><br>NA",989
990,"Walliswil bei Niederbipp BE","NA<br><br>NA",990
991,"Walliswil bei Wangen BE","NA<br><br>NA<br><br>NA",991
992,"Wangen an der Aare BE","NA<br><br>NA",992
993,"Wangenried BE","NA<br><br>NA",993
995,"Wiedlisbach BE","NA<br><br>NA",995
996,NA,"NA<br><br>NA",996
1001,"Doppleschwand LU","NA<br><br>NA<br><br>NA",1001
1002,"Entlebuch LU","NA<br><br>NA<br><br>NA",1002
1004,"Flühli LU","NA<br><br>NA",1004
1005,"Hasle LU","NA<br><br>NA",1005
1007,"Romoos LU","NA<br><br>",1007
1008,"Schüpfheim LU","NA<br><br>NA<br><br>NA",1008
1009,"Werthenstein LU","NA<br><br>",1009
1010,"Escholzmatt-Marbach LU","NA<br><br>",1010
1021,"Aesch LU","NA<br><br>",1021
1022,"Altwis LU","NA<br><br>NA<br><br>NA",1022
1023,"Ballwil LU","NA<br><br>NA",1023
1024,"Emmen LU","NA<br><br>NA<br><br>NA",1024
1025,"Ermensee LU","NA<br><br>",1025
1026,"Eschenbach LU","NA<br><br>NA<br><br>NA",1026
1030,"Hitzkirch LU","NA<br><br>NA<br><br>NA",1030
1031,"Hochdorf LU","NA<br><br>NA<br><br>NA",1031
1032,"Hohenrain LU","NA<br><br>NA<br><br>NA",1032
1033,"Inwil LU","NA<br><br>NA<br><br>NA",1033
1037,"Rain LU","NA<br><br>",1037
1039,"Römerswil LU","NA<br><br>NA",1039
1040,"Rothenburg LU","NA<br><br>NA",1040
1041,"Schongau LU","NA<br><br>",1041
1051,"Adligenswil LU","NA<br><br>NA<br><br>NA",1051
1052,"Buchrain LU","NA<br><br>NA<br><br>NA",1052
1053,"Dierikon LU","NA<br><br>NA<br><br>NA",1053
1054,"Ebikon LU","NA<br><br>NA<br><br>NA",1054
1055,"Gisikon LU","NA<br><br>NA<br><br>NA",1055
1056,"Greppen LU","NA<br><br>NA",1056
1057,"Honau LU","NA<br><br>NA<br><br>NA",1057
1058,"Horw LU","NA<br><br>NA",1058
1059,"Kriens LU","NA<br><br>NA<br><br>NA",1059
1061,"Lucerna LU","NA<br><br>NA<br><br>NA",1061
1062,"Malters LU","NA<br><br>",1062
1063,"Meggen LU","NA<br><br>",1063
1064,"Meierskappel LU","NA<br><br>NA<br><br>NA",1064
1065,"Root LU","NA<br><br>NA<br><br>NA",1065
1066,"Schwarzenberg LU","NA<br><br>NA<br><br>NA",1066
1067,"Udligenswil LU","NA<br><br>NA<br><br>NA",1067
1068,"Vitznau LU","NA<br><br>NA<br><br>NA",1068
1069,"Weggis LU","NA<br><br>",1069
1081,"Beromünster LU","NA<br><br>NA<br><br>NA",1081
1082,"Büron LU","NA<br><br>NA<br><br>NA",1082
1083,"Buttisholz LU","NA<br><br>NA<br><br>NA",1083
1084,"Eich LU","NA<br><br>",1084
1085,"Geuensee LU","NA<br><br>NA",1085
1086,"Grosswangen LU","NA<br><br>",1086
1088,"Hildisrieden LU","NA<br><br>",1088
1089,"Knutwil LU","NA<br><br>NA<br><br>NA",1089
1091,"Mauensee LU","NA<br><br>NA<br><br>NA",1091
1093,"Neuenkirch LU","NA<br><br>NA<br><br>NA",1093
1094,"Nottwil LU","NA<br><br>",1094
1095,"Oberkirch LU","NA<br><br>NA<br><br>NA",1095
1097,"Rickenbach LU","NA<br><br>NA",1097
1098,"Ruswil LU","NA<br><br>",1098
1099,"Schenkon LU","NA<br><br>NA",1099
1100,"Schlierbach LU","NA<br><br>NA<br><br>",1100
1102,"Sempach LU","NA<br><br>",1102
1103,"Sursee LU","NA<br><br>NA<br><br>NA",1103
1104,"Triengen LU","NA<br><br>NA",1104
1107,"Wolhusen LU","NA<br><br>",1107
1121,"Alberswil LU","NA<br><br>NA<br><br>NA",1121
1122,"Altbüron LU","NA<br><br>NA<br><br>NA",1122
1123,"Altishofen LU","NA<br><br>",1123
1125,"Dagmersellen LU","NA<br><br>NA<br><br>NA",1125
1126,NA,"NA<br><br>NA",1126
1127,"Egolzwil LU","NA<br><br>NA",1127
1128,"Ettiswil LU","NA<br><br>NA<br><br>NA",1128
1129,"Fischbach LU","NA<br><br>",1129
1130,"Gettnau LU","NA<br><br>",1130
1131,"Grossdietwil LU","NA<br><br>NA",1131
1132,"Hergiswil bei Willisau LU","NA<br><br>",1132
1135,"Luthern LU","NA<br><br>",1135
1136,"Menznau LU","NA<br><br>NA<br><br>NA",1136
1137,"Nebikon LU","NA<br><br>NA",1137
1139,"Pfaffnau LU","NA<br><br>NA",1139
1140,"Reiden LU","NA<br><br>NA",1140
1142,"Roggliswil LU","NA<br><br>NA",1142
1143,"Schötz LU","NA<br><br>NA<br><br>NA",1143
1145,"Ufhusen LU","NA<br><br>",1145
1146,"Wauwil LU","NA<br><br>NA<br><br>NA",1146
1147,"Wikon LU","NA<br><br>NA<br><br>NA",1147
1150,"Zell LU LU","NA<br><br>NA<br><br>NA",1150
1151,"Willisau LU","NA<br><br>",1151
1201,"Altdorf UR","NA<br><br>",1201
1202,"Andermatt UR","NA<br><br>",1202
1203,"Attinghausen UR","NA<br><br>",1203
1204,"Bauen UR","NA<br><br>",1204
1205,"Bürglen UR UR","NA<br><br>",1205
1206,"Erstfeld UR","NA<br><br>",1206
1207,"Flüelen UR","NA<br><br>",1207
1208,"Göschenen UR","NA<br><br>",1208
1209,"Gurtnellen UR","NA<br><br>",1209
1210,"Hospental UR","NA<br><br>",1210
1211,"Isenthal UR","NA<br><br>",1211
1212,"Realp UR","NA<br><br>",1212
1213,"Schattdorf UR","NA<br><br>",1213
1214,"Seedorf UR","NA<br><br>",1214
1215,"Seelisberg UR","NA<br><br>",1215
1216,"Silenen UR","NA<br><br>",1216
1217,"Sisikon UR","NA<br><br>",1217
1218,"Spiringen UR","NA<br><br>",1218
1219,"Unterschächen UR","NA<br><br>",1219
1220,"Wassen UR","NA<br><br>",1220
1301,"Einsiedeln SZ","NA<br><br>NA<br><br>NA",1301
1311,"Gersau SZ","NA<br><br>NA<br><br>NA",1311
1321,"Feusisberg SZ","NA<br><br>NA<br><br>NA",1321
1322,"Freienbach SZ","NA<br><br>NA<br><br>NA",1322
1323,"Wollerau SZ","NA<br><br>NA",1323
1331,"Küssnacht SZ","NA<br><br>NA<br><br>NA",1331
1341,"Altendorf SZ","NA<br><br>NA<br><br>NA",1341
1342,"Galgenen SZ","NA<br><br>NA<br><br>NA",1342
1343,"Innerthal SZ","NA<br><br>",1343
1344,"Lachen SZ","NA<br><br>NA<br><br>NA",1344
1345,"Reichenburg SZ","NA<br><br>NA",1345
1346,"Schübelbach SZ","NA<br><br>NA",1346
1347,"Tuggen SZ","NA<br><br>NA<br><br>NA",1347
1348,"Vorderthal SZ","NA<br><br>NA<br><br>NA",1348
1349,"Wangen SZ","NA<br><br>NA",1349
1361,"Alpthal SZ","NA<br><br>",1361
1362,"Arth SZ","NA<br><br>NA<br><br>NA",1362
1363,"Illgau SZ","NA<br><br>NA<br><br>NA",1363
1364,"Ingenbohl SZ","NA<br><br>NA<br><br>NA",1364
1365,"Lauerz SZ","NA<br><br>NA",1365
1366,"Morschach SZ","NA<br><br>NA",1366
1367,"Muotathal SZ","NA<br><br>",1367
1368,"Oberiberg SZ","NA<br><br>NA<br><br>NA",1368
1369,"Riemenstalden SZ","NA<br><br>",1369
1370,"Rothenthurm SZ","NA<br><br>",1370
1371,"Sattel SZ","NA<br><br>NA",1371
1372,"Svitto SZ","NA<br><br>NA<br><br>NA",1372
1373,"Steinen SZ","NA<br><br>",1373
1374,"Steinerberg SZ","NA<br><br>",1374
1375,"Unteriberg SZ","NA<br><br>",1375
1401,"Alpnach OW","NA<br><br>",1401
1402,"Engelberg OW","NA<br><br>",1402
1403,"Giswil OW","NA<br><br>",1403
1404,"Kerns OW","NA<br><br>",1404
1405,"Lungern OW","NA<br><br>",1405
1406,"Sachseln OW","NA<br><br>",1406
1407,"Sarnen OW","NA<br><br>",1407
1501,"Beckenried NW","NA<br><br>",1501
1502,"Buochs NW","NA<br><br>",1502
1503,"Dallenwil NW","NA<br><br>",1503
1504,"Emmetten NW","NA<br><br>",1504
1505,"Ennetbürgen NW","NA<br><br>",1505
1506,"Ennetmoos NW","NA<br><br>",1506
1507,"Hergiswil NW","NA<br><br>",1507
1508,"Oberdorf NW","NA<br><br>",1508
1509,"Stans NW","NA<br><br>",1509
1510,"Stansstad NW","NA<br><br>",1510
1511,"Wolfenschiessen NW","NA<br><br>",1511
1630,"Glarus Nord GL","NA<br><br>",1630
1631,"Glarus Süd GL","NA<br><br>",1631
1632,"Glarona GL","NA<br><br>",1632
1701,"Baar ZG","NA<br><br>NA<br><br>NA",1701
1702,"Cham ZG","NA<br><br>NA",1702
1703,"Hünenberg ZG","NA<br><br>NA",1703
1704,"Menzingen ZG","NA<br><br>NA<br><br>NA",1704
1705,"Neuheim ZG","NA<br><br>NA<br><br>NA",1705
1706,"Oberägeri ZG","NA<br><br>NA<br><br>NA",1706
1707,"Risch ZG","NA<br><br>NA<br><br>NA",1707
1708,"Steinhausen ZG","NA<br><br>NA<br><br>NA",1708
1709,"Unterägeri ZG","NA<br><br>NA<br><br>NA",1709
1710,"Walchwil ZG","NA<br><br>",1710
1711,"Zugo ZG","NA<br><br>NA<br><br>NA",1711
2008,"Châtillon FR","NA<br><br>NA<br><br>NA",2008
2009,"Cheiry FR","NA<br><br>NA",2009
2011,"Cugy FR","NA<br><br>NA<br><br>NA",2011
2016,"Fétigny FR","NA<br><br>NA",2016
2022,"Gletterens FR","NA<br><br>NA<br><br>NA",2022
2025,"Lully FR","NA<br><br>NA<br><br>NA",2025
2027,"Ménières FR","NA<br><br>NA<br><br>NA",2027
2029,"Montagny FR","NA<br><br>NA",2029
2035,"Nuvilly FR","NA<br><br>NA<br><br>NA",2035
2038,"Prévondavaux FR","NA<br><br>",2038
2041,"Saint-Aubin FR","NA<br><br>NA<br><br>NA",2041
2043,"Sévaz FR","NA<br><br>",2043
2044,"Surpierre FR","NA<br><br>NA<br><br>NA",2044
2045,"Vallon FR","NA<br><br>NA<br><br>NA",2045
2050,"Les Montets FR","NA<br><br>NA<br><br>NA",2050
2051,"Delley-Portalban FR","NA<br><br>NA<br><br>NA",2051
2053,"Belmont-Broye FR","NA<br><br>NA",2053
2054,"Estavayer FR","NA<br><br>NA<br><br>NA",2054
2055,"Cheyres-Châbles FR","NA<br><br>NA<br><br>NA",2055
2061,"Auboranges FR","NA<br><br>",2061
2063,"Billens-Hennens FR","NA<br><br>NA<br><br>NA",2063
2066,"Chapelle (Glâne) FR","NA<br><br>NA<br><br>NA",2066
2067,"Le Châtelard FR","NA<br><br>NA<br><br>NA",2067
2068,"Châtonnaye FR","NA<br><br>NA<br><br>NA",2068
2072,"Ecublens FR","NA<br><br>",2072
2079,"Grangettes FR","NA<br><br>",2079
2086,"Massonnens FR","NA<br><br>NA<br><br>NA",2086
2087,"Mézières FR","NA<br><br>NA<br><br>NA",2087
2089,"Montet (Glâne) FR","NA<br><br>NA<br><br>NA",2089
2096,"Romont FR","NA<br><br>NA<br><br>NA",2096
2097,"Rue FR","NA<br><br>NA<br><br>NA",2097
2099,"Siviriez FR","NA<br><br>NA<br><br>NA",2099
2102,"Ursy FR","NA<br><br>NA<br><br>NA",2102
2111,NA,"NA<br><br>NA",2111
2113,"Vuisternens-devant-Romont FR","NA<br><br>",2113
2114,"Villorsonnens FR","NA<br><br>NA<br><br>NA",2114
2115,"Torny FR","NA<br><br>",2115
2116,NA,"NA<br><br>NA<br><br>NA",2116
2121,"Haut-Intyamon FR","NA<br><br>NA",2121
2122,"Pont-en-Ogoz FR","NA<br><br>NA<br><br>NA",2122
2123,"Botterens FR","NA<br><br>NA<br><br>NA",2123
2124,"Broc FR","NA<br><br>NA",2124
2125,"Bulle FR","NA<br><br>NA",2125
2128,"Châtel-sur-Montsalvens FR","NA<br><br>",2128
2129,"Corbières FR","NA<br><br>NA<br><br>NA",2129
2130,"Crésuz FR","NA<br><br>NA<br><br>NA",2130
2131,"Echarlens FR","NA<br><br>NA<br><br>NA",2131
2134,"Grandvillard FR","NA<br><br>NA<br><br>NA",2134
2135,"Greyerz FR","NA<br><br>NA<br><br>NA",2135
2137,"Hauteville FR","NA<br><br>NA<br><br>NA",2137
2138,"Jaun FR","NA<br><br>NA<br><br>NA",2138
2140,"Marsens FR","NA<br><br>NA<br><br>NA",2140
2143,"Morlon FR","NA<br><br>NA<br><br>NA",2143
2145,"Le Pâquier FR","NA<br><br>NA<br><br>NA",2145
2147,"Pont-la-Ville FR","NA<br><br>NA<br><br>NA",2147
2148,"Riaz FR","NA<br><br>NA<br><br>NA",2148
2149,"La Roche FR","NA<br><br>NA<br><br>NA",2149
2152,"Sâles FR","NA<br><br>NA",2152
2153,"Sorens FR","NA<br><br>NA<br><br>NA",2153
2155,"Vaulruz FR","NA<br><br>NA<br><br>",2155
2160,"Vuadens FR","NA<br><br>NA<br><br>NA",2160
2162,"Bas-Intyamon FR","NA<br><br>NA",2162
2163,"Val-de-Charmey FR","NA<br><br>NA<br><br>NA",2163
2171,"Arconciel FR","NA<br><br>NA<br><br>NA",2171
2173,"Autigny FR","NA<br><br>NA<br><br>NA",2173
2174,"Avry FR","NA<br><br>NA<br><br>NA",2174
2175,"Belfaux FR","NA<br><br>NA<br><br>NA",2175
2177,"Chénens FR","NA<br><br>NA<br><br>NA",2177
2183,"Corminboeuf FR","NA<br><br>NA<br><br>NA",2183
2185,NA,"NA<br><br>",2185
2186,"Cottens FR","NA<br><br>NA<br><br>NA",2186
2189,"Ependes FR","NA<br><br>NA<br><br>NA",2189
2194,"Ferpicloz FR","NA<br><br>",2194
2196,"Friburgo FR","NA<br><br>NA<br><br>NA",2196
2197,"Givisiez FR","NA<br><br>NA<br><br>NA",2197
2198,"Granges-Paccot FR","NA<br><br>NA",2198
2200,"Grolley FR","NA<br><br>NA<br><br>NA",2200
2206,"Marly FR","NA<br><br>NA<br><br>NA",2206
2208,"Matran FR","NA<br><br>NA<br><br>NA",2208
2211,"Neyruz FR","NA<br><br>NA<br><br>NA",2211
2213,NA,"NA<br><br>NA<br><br>NA",2213
2216,"Pierrafortscha FR","NA<br><br>",2216
2217,"Ponthaux FR","NA<br><br>NA",2217
2220,"Le Mouret FR","NA<br><br>NA<br><br>NA",2220
2221,NA,"NA<br><br>NA<br><br>NA",2221
2225,"Senèdes FR","NA<br><br>",2225
2226,"Treyvaux FR","NA<br><br>NA<br><br>NA",2226
2228,"Villars-sur-Glâne FR","NA<br><br>NA<br><br>NA",2228
2230,"Villarsel-sur-Marly FR","NA<br><br>",2230
2233,"Hauterive FR","NA<br><br>NA<br><br>NA",2233
2234,"La Brillaz FR","NA<br><br>NA<br><br>NA",2234
2235,"La Sonnaz FR","NA<br><br>NA<br><br>NA",2235
2236,"Gibloux FR","NA<br><br>NA<br><br>NA",2236
2250,"Gurwolf FR","NA<br><br>NA<br><br>NA",2250
2254,"Courtepin FR","NA<br><br>NA",2254
2257,"Cressier FR","NA<br><br>NA<br><br>NA",2257
2258,"Fräschels FR","NA<br><br>NA<br><br>",2258
2259,"Galmiz FR","NA<br><br>NA<br><br>NA",2259
2260,"Gempenach FR","NA<br><br>NA<br><br>NA",2260
2261,"Greng FR","NA<br><br>",2261
2262,"Gurmels FR","NA<br><br>NA",2262
2265,"Kerzers FR","NA<br><br>",2265
2266,"Kleinbösingen FR","NA<br><br>NA<br><br>NA",2266
2271,"Merlach FR","NA<br><br>NA<br><br>NA",2271
2272,"Misery-Courtion FR","NA<br><br>NA<br><br>NA",2272
2274,"Muntelier FR","NA<br><br>NA",2274
2275,"Murten FR","NA<br><br>NA",2275
2276,"Ried bei Kerzers FR","NA<br><br>",2276
2278,"Ulmiz FR","NA<br><br>NA",2278
2284,"Mont-Vully FR","NA<br><br>NA<br><br>NA",2284
2291,"Alterswil FR","NA<br><br>NA",2291
2292,"Brünisried FR","NA<br><br>NA<br><br>NA",2292
2293,"Düdingen FR","NA<br><br>NA<br><br>NA",2293
2294,"Giffers FR","NA<br><br>NA<br><br>NA",2294
2295,"Bösingen FR","NA<br><br>NA<br><br>NA",2295
2296,"Heitenried FR","NA<br><br>NA",2296
2299,"Plaffeien FR","NA<br><br>NA<br><br>NA",2299
2300,"Plasselb FR","NA<br><br>NA<br><br>NA",2300
2301,"Rechthalten FR","NA<br><br>NA",2301
2302,"St. Antoni FR","NA<br><br>NA",2302
2303,"St. Silvester FR","NA<br><br>NA",2303
2304,"St. Ursen FR","NA<br><br>NA<br><br>NA",2304
2305,"Schmitten FR","NA<br><br>NA<br><br>NA",2305
2306,"Tafers FR","NA<br><br>NA<br><br>NA",2306
2307,"Tentlingen FR","NA<br><br>NA",2307
2308,"Ueberstorf FR","NA<br><br>NA<br><br>NA",2308
2309,"Wünnewil-Flamatt FR","NA<br><br>NA<br><br>NA",2309
2321,"Attalens FR","NA<br><br>NA",2321
2323,"Bossonnens FR","NA<br><br>NA<br><br>NA",2323
2325,"Châtel-Saint-Denis FR","NA<br><br>NA<br><br>NA",2325
2328,"Granges (Veveyse) FR","NA<br><br>NA<br><br>NA",2328
2333,"Remaufens FR","NA<br><br>NA<br><br>NA",2333
2335,"Saint-Martin FR","NA<br><br>NA<br><br>NA",2335
2336,"Semsales FR","NA<br><br>NA<br><br>NA",2336
2337,"Le Flon FR","NA<br><br>NA<br><br>NA",2337
2338,"La Verrerie FR","NA<br><br>NA<br><br>NA",2338
2401,"Egerkingen SO","NA<br><br>NA<br><br>NA",2401
2402,"Härkingen SO","NA<br><br>NA",2402
2403,"Kestenholz SO","NA<br><br>",2403
2404,"Neuendorf SO","NA<br><br>",2404
2405,"Niederbuchsiten SO","NA<br><br>",2405
2406,"Oberbuchsiten SO","NA<br><br>",2406
2407,"Oensingen SO","NA<br><br>NA<br><br>NA",2407
2408,"Wolfwil SO","NA<br><br>NA",2408
2421,"Aedermannsdorf SO","NA<br><br>NA<br><br>NA",2421
2422,"Balsthal SO","NA<br><br>",2422
2423,"Gänsbrunnen SO","NA<br><br>",2423
2424,"Herbetswil SO","NA<br><br>",2424
2425,"Holderbank SO","NA<br><br>NA<br><br>NA",2425
2426,"Laupersdorf SO","NA<br><br>NA",2426
2427,"Matzendorf SO","NA<br><br>",2427
2428,"Mümliswil-Ramiswil SO","NA<br><br>NA<br><br>NA",2428
2429,"Welschenrohr SO","NA<br><br>",2429
2445,"Biezwil SO","NA<br><br>NA<br><br>NA",2445
2455,"Lüterkofen-Ichertswil SO","NA<br><br>NA<br><br>NA",2455
2456,"Lüterswil-Gächliwil SO","NA<br><br>NA<br><br>NA",2456
2457,"Messen SO","NA<br><br>NA<br><br>NA",2457
2461,"Schnottwil SO","NA<br><br>NA<br><br>NA",2461
2463,"Unterramsern SO","NA<br><br>",2463
2464,"Lüsslingen-Nennigkofen SO","NA<br><br>NA",2464
2465,"Buchegg SO","NA<br><br>NA<br><br>NA",2465
2471,"Bättwil SO","NA<br><br>NA<br><br>NA",2471
2472,"Büren SO","NA<br><br>NA<br><br>NA",2472
2473,"Dornach SO","NA<br><br>NA<br><br>NA",2473
2474,"Gempen SO","NA<br><br>NA",2474
2475,"Hochwald SO","NA<br><br>NA<br><br>",2475
2476,"Hofstetten-Flüh SO","NA<br><br>NA<br><br>NA",2476
2477,"Metzerlen-Mariastein SO","NA<br><br>NA<br><br>NA",2477
2478,"Nuglar-St. Pantaleon SO","NA<br><br>NA<br><br>NA",2478
2479,"Rodersdorf SO","NA<br><br>",2479
2480,"Seewen SO","NA<br><br>",2480
2481,"Witterswil SO","NA<br><br>NA<br><br>NA",2481
2491,"Hauenstein-Ifenthal SO","NA<br><br>",2491
2492,"Kienberg SO","NA<br><br>NA<br><br>NA",2492
2493,"Lostorf SO","NA<br><br>",2493
2495,"Niedergösgen SO","NA<br><br>",2495
2497,"Obergösgen SO","NA<br><br>NA<br><br>NA",2497
2498,"Rohr SO","NA<br><br>",2498
2499,"Stüsslingen SO","NA<br><br>",2499
2500,"Trimbach SO","NA<br><br>NA<br><br>NA",2500
2501,"Winznau SO","NA<br><br>NA<br><br>NA",2501
2502,"Wisen SO","NA<br><br>NA<br><br>NA",2502
2503,"Erlinsbach SO","NA<br><br>",2503
2511,"Aeschi SO","NA<br><br>NA<br><br>NA",2511
2513,"Biberist SO","NA<br><br>NA",2513
2514,"Bolken SO","NA<br><br>NA<br><br>NA",2514
2516,"Deitingen SO","NA<br><br>",2516
2517,"Derendingen SO","NA<br><br>NA<br><br>NA",2517
2518,"Etziken SO","NA<br><br>",2518
2519,"Gerlafingen SO","NA<br><br>",2519
2520,"Halten SO","NA<br><br>",2520
2523,"Horriwil SO","NA<br><br>",2523
2524,"Hüniken SO","NA<br><br>",2524
2525,"Kriegstetten SO","NA<br><br>NA<br><br>NA",2525
2526,"Lohn-Ammannsegg SO","NA<br><br>NA<br><br>NA",2526
2527,"Luterbach SO","NA<br><br>NA<br><br>NA",2527
2528,"Obergerlafingen SO","NA<br><br>NA<br><br>NA",2528
2529,"Oekingen SO","NA<br><br>NA<br><br>NA",2529
2530,"Recherswil SO","NA<br><br>",2530
2532,"Subingen SO","NA<br><br>NA",2532
2534,"Zuchwil SO","NA<br><br>",2534
2535,"Drei Höfe SO","NA<br><br>NA<br><br>NA",2535
2541,"Balm bei Günsberg SO","NA<br><br>",2541
2542,"Bellach SO","NA<br><br>",2542
2543,"Bettlach SO","NA<br><br>",2543
2544,"Feldbrunnen-St. Niklaus SO","NA<br><br>NA<br><br>NA",2544
2545,"Flumenthal SO","NA<br><br>NA<br><br>NA",2545
2546,"Grenchen SO","NA<br><br>",2546
2547,"Günsberg SO","NA<br><br>NA<br><br>NA",2547
2548,"Hubersdorf SO","NA<br><br>NA",2548
2549,"Kammersrohr SO","NA<br><br>NA<br><br>NA",2549
2550,"Langendorf SO","NA<br><br>",2550
2551,"Lommiswil SO","NA<br><br>NA<br><br>NA",2551
2553,"Oberdorf SO","NA<br><br>NA<br><br>NA",2553
2554,"Riedholz SO","NA<br><br>NA<br><br>NA",2554
2555,"Rüttenen SO","NA<br><br>NA",2555
2556,"Selzach SO","NA<br><br>NA",2556
2571,"Boningen SO","NA<br><br>NA",2571
2572,"Däniken SO","NA<br><br>",2572
2573,"Dulliken SO","NA<br><br>NA",2573
2574,"Eppenberg-Wöschnau SO","NA<br><br>",2574
2575,"Fulenbach SO","NA<br><br>",2575
2576,"Gretzenbach SO","NA<br><br>",2576
2578,"Gunzgen SO","NA<br><br>",2578
2579,"Hägendorf SO","NA<br><br>",2579
2580,"Kappel SO","NA<br><br>NA<br><br>NA",2580
2581,"Olten SO","NA<br><br>NA<br><br>NA",2581
2582,"Rickenbach SO","NA<br><br>NA<br><br>NA",2582
2583,"Schönenwerd SO","NA<br><br>NA<br><br>NA",2583
2584,"Starrkirch-Wil SO","NA<br><br>NA",2584
2585,"Walterswil SO","NA<br><br>NA<br><br>NA",2585
2586,"Wangen bei Olten SO","NA<br><br>NA<br><br>NA",2586
2601,"Soletta SO","NA<br><br>NA<br><br>NA",2601
2611,"Bärschwil SO","NA<br><br>NA<br><br>NA",2611
2612,"Beinwil SO","NA<br><br>NA<br><br>NA",2612
2613,"Breitenbach SO","NA<br><br>",2613
2614,"Büsserach SO","NA<br><br>",2614
2615,"Erschwil SO","NA<br><br>NA",2615
2616,"Fehren SO","NA<br><br>NA",2616
2617,"Grindel SO","NA<br><br>NA<br><br>NA",2617
2618,"Himmelried SO","NA<br><br>NA<br><br>NA",2618
2619,"Kleinlützel SO","NA<br><br>",2619
2620,"Meltingen SO","NA<br><br>NA<br><br>NA",2620
2621,"Nunningen SO","NA<br><br>NA<br><br>NA",2621
2622,"Zullwil SO","NA<br><br>NA<br><br>NA",2622
2701,"Basilea BS","NA<br><br>NA<br><br>NA",2701
2702,"Bettingen BS","NA<br><br>NA<br><br>NA",2702
2703,"Riehen BS","NA<br><br>NA<br><br>NA",2703
2761,"Aesch BL","NA<br><br>NA<br><br>NA",2761
2762,"Allschwil BL","NA<br><br>NA<br><br>NA",2762
2763,"Arlesheim BL","NA<br><br>NA<br><br>NA",2763
2764,"Biel-Benken BL","NA<br><br>NA<br><br>NA",2764
2765,"Binningen BL","NA<br><br>NA<br><br>NA",2765
2766,"Birsfelden BL","NA<br><br>NA<br><br>NA",2766
2767,"Bottmingen BL","NA<br><br>NA<br><br>NA",2767
2768,"Ettingen BL","NA<br><br>",2768
2769,"Münchenstein BL","NA<br><br>NA<br><br>NA",2769
2770,"Muttenz BL","NA<br><br>NA<br><br>NA",2770
2771,"Oberwil BL","NA<br><br>NA<br><br>NA",2771
2772,"Pfeffingen BL","NA<br><br>NA<br><br>NA",2772
2773,"Reinach BL","NA<br><br>NA",2773
2774,"Schönenbuch BL","NA<br><br>NA<br><br>NA",2774
2775,"Therwil BL","NA<br><br>NA<br><br>NA",2775
2781,"Blauen BL","NA<br><br>",2781
2782,"Brislach BL","NA<br><br>NA",2782
2783,"Burg im Leimental BL","NA<br><br>NA",2783
2784,"Dittingen BL","NA<br><br>NA<br><br>NA",2784
2785,"Duggingen BL","NA<br><br>NA<br><br>",2785
2786,"Grellingen BL","NA<br><br>",2786
2787,"Laufen BL","NA<br><br>NA<br><br>NA",2787
2788,"Liesberg BL","NA<br><br>NA<br><br>NA",2788
2789,"Nenzlingen BL","NA<br><br>NA",2789
2790,"Roggenburg BL","NA<br><br>NA<br><br>NA",2790
2791,"Röschenz BL","NA<br><br>NA<br><br>NA",2791
2792,"Wahlen BL","NA<br><br>NA",2792
2793,"Zwingen BL","NA<br><br>",2793
2821,"Arisdorf BL","NA<br><br>NA",2821
2822,"Augst BL","NA<br><br>NA<br><br>NA",2822
2823,"Bubendorf BL","NA<br><br>NA<br><br>NA",2823
2824,"Frenkendorf BL","NA<br><br>NA<br><br>NA",2824
2825,"Füllinsdorf BL","NA<br><br>NA<br><br>NA",2825
2826,"Giebenach BL","NA<br><br>NA",2826
2827,"Hersberg BL","NA<br><br>NA<br><br>NA",2827
2828,"Lausen BL","NA<br><br>NA<br><br>NA",2828
2829,"Liestal BL","NA<br><br>NA<br><br>NA",2829
2830,"Lupsingen BL","NA<br><br>NA",2830
2831,"Pratteln BL","NA<br><br>NA<br><br>NA",2831
2832,"Ramlinsburg BL","NA<br><br>NA<br><br>NA",2832
2833,"Seltisberg BL","NA<br><br>",2833
2834,"Ziefen BL","NA<br><br>NA<br><br>NA",2834
2841,"Anwil BL","NA<br><br>NA<br><br>NA",2841
2842,"Böckten BL","NA<br><br>NA<br><br>NA",2842
2843,"Buckten BL","NA<br><br>NA<br><br>NA",2843
2844,"Buus BL","NA<br><br>NA",2844
2845,"Diepflingen BL","NA<br><br>NA",2845
2846,"Gelterkinden BL","NA<br><br>NA<br><br>NA",2846
2847,"Häfelfingen BL","NA<br><br>NA",2847
2848,"Hemmiken BL","NA<br><br>NA<br><br>NA",2848
2849,"Itingen BL","NA<br><br>NA<br><br>NA",2849
2850,"Känerkinden BL","NA<br><br>NA<br><br>NA",2850
2851,"Kilchberg BL","NA<br><br>",2851
2852,"Läufelfingen BL","NA<br><br>",2852
2853,"Maisprach BL","NA<br><br>",2853
2854,"Nusshof BL","NA<br><br>",2854
2855,"Oltingen BL","NA<br><br>NA<br><br>NA",2855
2856,"Ormalingen BL","NA<br><br>",2856
2857,"Rickenbach BL","NA<br><br>NA<br><br>NA",2857
2858,"Rothenfluh BL","NA<br><br>NA",2858
2859,"Rümlingen BL","NA<br><br>NA<br><br>NA",2859
2860,"Rünenberg BL","NA<br><br>",2860
2861,"Sissach BL","NA<br><br>",2861
2862,"Tecknau BL","NA<br><br>NA<br><br>NA",2862
2863,"Tenniken BL","NA<br><br>",2863
2864,"Thürnen BL","NA<br><br>NA<br><br>NA",2864
2865,"Wenslingen BL","NA<br><br>NA<br><br>NA",2865
2866,"Wintersingen BL","NA<br><br>",2866
2867,"Wittinsburg BL","NA<br><br>",2867
2868,"Zeglingen BL","NA<br><br>",2868
2869,"Zunzgen BL","NA<br><br>",2869
2881,"Arboldswil BL","NA<br><br>NA",2881
2882,"Bennwil BL","NA<br><br>NA",2882
2883,"Bretzwil BL","NA<br><br>NA",2883
2884,"Diegten BL","NA<br><br>NA",2884
2885,"Eptingen BL","NA<br><br>NA<br><br>NA",2885
2886,"Hölstein BL","NA<br><br>",2886
2887,"Lampenberg BL","NA<br><br>NA",2887
2888,"Langenbruck BL","NA<br><br>",2888
2889,"Lauwil BL","NA<br><br>",2889
2890,"Liedertswil BL","NA<br><br>",2890
2891,"Niederdorf BL","NA<br><br>",2891
2892,"Oberdorf BL","NA<br><br>NA<br><br>NA",2892
2893,"Reigoldswil BL","NA<br><br>NA",2893
2894,"Titterten BL","NA<br><br>",2894
2895,"Waldenburg BL","NA<br><br>NA",2895
2901,"Gächlingen SH","NA<br><br>NA",2901
2903,"Löhningen SH","NA<br><br>NA",2903
2904,"Neunkirch SH","NA<br><br>",2904
2914,"Büttenhardt SH","NA<br><br>",2914
2915,"Dörflingen SH","NA<br><br>NA",2915
2917,"Lohn SH","NA<br><br>NA",2917
2919,"Stetten SH","NA<br><br>NA<br><br>NA",2919
2920,"Thayngen SH","NA<br><br>NA",2920
2931,"Bargen SH","NA<br><br>",2931
2932,"Beringen SH","NA<br><br>NA",2932
2933,"Buchberg SH","NA<br><br>NA<br><br>NA",2933
2936,"Merishausen SH","NA<br><br>NA",2936
2937,"Neuhausen am Rheinfall SH","NA<br><br>NA<br><br>NA",2937
2938,"Rüdlingen SH","NA<br><br>NA<br><br>NA",2938
2939,"Sciaffusa SH","NA<br><br>NA",2939
2951,"Beggingen SH","NA<br><br>",2951
2952,"Schleitheim SH","NA<br><br>NA",2952
2953,"Siblingen SH","NA<br><br>",2953
2961,"Buch SH","NA<br><br>",2961
2962,"Hemishofen SH","NA<br><br>",2962
2963,"Ramsen SH","NA<br><br>NA<br><br>NA",2963
2964,"Stein am Rhein SH","NA<br><br>NA<br><br>NA",2964
2971,"Hallau SH","NA<br><br>NA",2971
2972,"Oberhallau SH","NA<br><br>",2972
2973,"Trasadingen SH","NA<br><br>NA<br><br>NA",2973
2974,"Wilchingen SH","NA<br><br>NA",2974
3001,"Herisau AR","NA<br><br>",3001
3002,"Hundwil AR","NA<br><br>",3002
3003,"Schönengrund AR","NA<br><br>",3003
3004,"Schwellbrunn AR","NA<br><br>",3004
3005,"Stein AR","NA<br><br>",3005
3006,"Urnäsch AR","NA<br><br>",3006
3007,"Waldstatt AR","NA<br><br>",3007
3021,"Bühler AR","NA<br><br>",3021
3022,"Gais AR","NA<br><br>",3022
3023,"Speicher AR","NA<br><br>",3023
3024,"Teufen AR","NA<br><br>",3024
3025,"Trogen AR","NA<br><br>",3025
3031,"Grub AR","NA<br><br>",3031
3032,"Heiden AR","NA<br><br>",3032
3033,"Lutzenberg AR","NA<br><br>",3033
3034,"Rehetobel AR","NA<br><br>",3034
3035,"Reute AR","NA<br><br>",3035
3036,"Wald AR","NA<br><br>",3036
3037,"Walzenhausen AR","NA<br><br>",3037
3038,"Wolfhalden AR","NA<br><br>",3038
3101,"Appenzello AI","NA<br><br>",3101
3102,"Gonten AI","NA<br><br>",3102
3103,"Rüte AI","NA<br><br>",3103
3104,"Schlatt-Haslen AI","NA<br><br>",3104
3105,"Schwende AI","NA<br><br>",3105
3111,"Oberegg AI","NA<br><br>",3111
3201,"Häggenschwil SG","NA<br><br>NA<br><br>NA",3201
3202,"Muolen SG","NA<br><br>NA",3202
3203,"San Gallo SG","NA<br><br>NA<br><br>NA",3203
3204,"Wittenbach SG","NA<br><br>NA<br><br>NA",3204
3211,"Berg SG","NA<br><br>",3211
3212,"Eggersriet SG","NA<br><br>NA<br><br>NA",3212
3213,"Goldach SG","NA<br><br>NA<br><br>NA",3213
3214,"Mörschwil SG","NA<br><br>NA",3214
3215,"Rorschach SG","NA<br><br>NA",3215
3216,"Rorschacherberg SG","NA<br><br>",3216
3217,"Steinach SG","NA<br><br>",3217
3218,"Tübach SG","NA<br><br>NA",3218
3219,"Untereggen SG","NA<br><br>NA<br><br>NA",3219
3231,"Au SG","NA<br><br>NA<br><br>NA",3231
3232,"Balgach SG","NA<br><br>NA<br><br>NA",3232
3233,"Berneck SG","NA<br><br>NA<br><br>NA",3233
3234,"Diepoldsau SG","NA<br><br>NA<br><br>NA",3234
3235,"Rheineck SG","NA<br><br>NA<br><br>NA",3235
3236,"St. Margrethen SG","NA<br><br>NA",3236
3237,"Thal SG","NA<br><br>NA",3237
3238,"Widnau SG","NA<br><br>NA<br><br>NA",3238
3251,"Altstätten SG","NA<br><br>NA<br><br>NA",3251
3252,"Eichberg SG","NA<br><br>NA",3252
3253,"Marbach SG","NA<br><br>NA<br><br>NA",3253
3254,"Oberriet SG","NA<br><br>NA<br><br>NA",3254
3255,"Rebstein SG","NA<br><br>NA<br><br>NA",3255
3256,"Rüthi SG","NA<br><br>NA",3256
3271,"Buchs SG","NA<br><br>NA<br><br>NA",3271
3272,"Gams SG","NA<br><br>NA",3272
3273,"Grabs SG","NA<br><br>NA<br><br>NA",3273
3274,"Sennwald SG","NA<br><br>NA",3274
3275,"Sevelen SG","NA<br><br>NA<br><br>NA",3275
3276,"Wartau SG","NA<br><br>NA<br><br>NA",3276
3291,"Bad Ragaz SG","NA<br><br>NA<br><br>NA",3291
3292,"Flums SG","NA<br><br>NA",3292
3293,"Mels SG","NA<br><br>NA<br><br>NA",3293
3294,"Pfäfers SG","NA<br><br>NA<br><br>NA",3294
3295,"Quarten SG","NA<br><br>NA",3295
3296,"Sargans SG","NA<br><br>NA<br><br>NA",3296
3297,"Vilters-Wangs SG","NA<br><br>NA<br><br>NA",3297
3298,"Walenstadt SG","NA<br><br>NA<br><br>NA",3298
3311,"Amden SG","NA<br><br>NA<br><br>NA",3311
3312,"Benken SG","NA<br><br>NA",3312
3313,"Kaltbrunn SG","NA<br><br>NA",3313
3315,"Schänis SG","NA<br><br>NA",3315
3316,"Weesen SG","NA<br><br>NA<br><br>NA",3316
3338,"Schmerikon SG","NA<br><br>",3338
3339,"Uznach SG","NA<br><br>NA<br><br>NA",3339
3340,"Rapperswil-Jona SG","NA<br><br>NA<br><br>NA",3340
3341,"Gommiswald SG","NA<br><br>NA",3341
3342,"Eschenbach SG","NA<br><br>NA",3342
3352,"Ebnat-Kappel SG","NA<br><br>NA",3352
3359,"Wildhaus-Alt St. Johann SG","NA<br><br>NA<br><br>NA",3359
3360,"Nesslau SG","NA<br><br>NA",3360
3372,"Hemberg SG","NA<br><br>NA",3372
3374,"Lichtensteig SG","NA<br><br>NA<br><br>NA",3374
3375,"Oberhelfenschwil SG","NA<br><br>",3375
3378,"Neckertal SG","NA<br><br>NA",3378
3379,"Wattwil SG","NA<br><br>NA",3379
3392,"Kirchberg SG","NA<br><br>NA<br><br>NA",3392
3393,"Lütisburg SG","NA<br><br>",3393
3394,"Mosnang SG","NA<br><br>NA<br><br>NA",3394
3395,"Bütschwil-Ganterschwil SG","NA<br><br>",3395
3401,"Degersheim SG","NA<br><br>NA<br><br>NA",3401
3402,"Flawil SG","NA<br><br>NA<br><br>NA",3402
3405,"Jonschwil SG","NA<br><br>",3405
3407,"Oberuzwil SG","NA<br><br>NA<br><br>NA",3407
3408,"Uzwil SG","NA<br><br>NA<br><br>NA",3408
3422,"Niederbüren SG","NA<br><br>NA<br><br>NA",3422
3423,"Niederhelfenschwil SG","NA<br><br>NA<br><br>NA",3423
3424,"Oberbüren SG","NA<br><br>NA",3424
3426,"Zuzwil SG","NA<br><br>",3426
3427,"Wil SG","NA<br><br>NA<br><br>NA",3427
3441,"Andwil SG","NA<br><br>NA",3441
3442,"Gaiserwald SG","NA<br><br>NA<br><br>NA",3442
3443,"Gossau SG","NA<br><br>",3443
3444,"Waldkirch SG","NA<br><br>NA<br><br>NA",3444
3506,"Vaz/Obervaz GR","NA<br><br>NA",3506
3513,"Lantsch/Lenz GR","NA<br><br>NA<br><br>NA",3513
3514,"Schmitten GR","NA<br><br>NA<br><br>NA",3514
3542,"Albula/Alvra GR","NA<br><br>NA",3542
3543,"Surses GR","NA<br><br>",3543
3544,"Bergün Filisur GR","NA<br><br>NA<br><br>NA",3544
3551,"Brusio GR","NA<br><br>NA<br><br>NA",3551
3561,"Poschiavo GR","NA<br><br>NA<br><br>NA",3561
3572,"Falera GR","NA<br><br>NA<br><br>NA",3572
3575,"Laax GR","NA<br><br>NA<br><br>NA",3575
3581,"Sagogn GR","NA<br><br>",3581
3582,"Schluein GR","NA<br><br>NA<br><br>NA",3582
3603,"Vals GR","NA<br><br>NA",3603
3618,"Lumnezia GR","NA<br><br>",3618
3619,"Ilanz/Glion GR","NA<br><br>",3619
3633,"Fürstenau GR","NA<br><br>NA<br><br>NA",3633
3637,"Rothenbrunnen GR","NA<br><br>NA<br><br>NA",3637
3638,"Scharans GR","NA<br><br>NA<br><br>NA",3638
3640,"Sils im Domleschg GR","NA<br><br>NA",3640
3661,"Cazis GR","NA<br><br>NA<br><br>NA",3661
3662,"Flerden GR","NA<br><br>",3662
3663,"Masein GR","NA<br><br>NA<br><br>NA",3663
3668,"Thusis GR","NA<br><br>NA<br><br>NA",3668
3669,"Tschappina GR","NA<br><br>",3669
3670,"Urmein GR","NA<br><br>",3670
3672,"Safiental GR","NA<br><br>NA",3672
3673,"Domleschg GR","NA<br><br>NA",3673
3681,"Avers GR","NA<br><br>NA",3681
3695,"Sufers GR","NA<br><br>",3695
3701,"Andeer GR","NA<br><br>NA<br><br>NA",3701
3703,"Casti-Wergenstein GR","NA<br><br>",3703
3705,"Donat GR","NA<br><br>",3705
3707,"Lohn GR","NA<br><br>",3707
3708,"Mathon GR","NA<br><br>",3708
3711,"Rongellen GR","NA<br><br>NA<br><br>NA",3711
3712,"Zillis-Reischen GR","NA<br><br>",3712
3713,"Ferrera GR","NA<br><br>",3713
3714,"Rheinwald GR","NA<br><br>NA<br><br>NA",3714
3721,"Bonaduz GR","NA<br><br>",3721
3722,"Domat/Ems GR","NA<br><br>NA<br><br>NA",3722
3723,"Rhäzüns GR","NA<br><br>",3723
3731,"Felsberg GR","NA<br><br>NA<br><br>NA",3731
3732,"Flims GR","NA<br><br>",3732
3733,"Tamins GR","NA<br><br>NA",3733
3734,"Trin GR","NA<br><br>",3734
3746,"Zernez GR","NA<br><br>NA<br><br>NA",3746
3752,"Samnaun GR","NA<br><br>NA<br><br>NA",3752
3762,"Scuol GR","NA<br><br>NA",3762
3764,"Valsot GR","NA<br><br>NA<br><br>NA",3764
3781,"Bever GR","NA<br><br>NA<br><br>NA",3781
3782,"Celerina/Schlarigna GR","NA<br><br>NA<br><br>NA",3782
3783,"Madulain GR","NA<br><br>",3783
3784,"Pontresina GR","NA<br><br>NA<br><br>NA",3784
3785,"La Punt-Chamues-ch GR","NA<br><br>NA",3785
3786,"Samedan GR","NA<br><br>NA<br><br>NA",3786
3787,"St. Moritz GR","NA<br><br>NA<br><br>NA",3787
3788,"S-chanf GR","NA<br><br>NA<br><br>NA",3788
3789,"Sils im Engadin/Segl GR","NA<br><br>NA<br><br>NA",3789
3790,"Silvaplana GR","NA<br><br>NA<br><br>NA",3790
3791,"Zuoz GR","NA<br><br>NA<br><br>NA",3791
3792,"Bregaglia GR","NA<br><br>NA<br><br>NA",3792
3804,"Buseno GR","NA<br><br>",3804
3805,"Castaneda GR","NA<br><br>",3805
3808,"Rossa GR","NA<br><br>",3808
3810,"Santa Maria in Calanca GR","NA<br><br>",3810
3821,"Lostallo GR","NA<br><br>NA<br><br>NA",3821
3822,"Mesocco GR","NA<br><br>NA<br><br>NA",3822
3823,"Soazza GR","NA<br><br>",3823
3831,"Cama GR","NA<br><br>",3831
3832,"Grono GR","NA<br><br>NA<br><br>NA",3832
3834,"Roveredo GR","NA<br><br>NA<br><br>NA",3834
3835,"San Vittore GR","NA<br><br>NA<br><br>NA",3835
3837,"Calanca GR","NA<br><br>",3837
3847,"Val Müstair GR","NA<br><br>NA<br><br>NA",3847
3851,"Davos GR","NA<br><br>NA<br><br>NA",3851
3861,"Fideris GR","NA<br><br>NA<br><br>NA",3861
3862,"Furna GR","NA<br><br>NA<br><br>NA",3862
3863,"Jenaz GR","NA<br><br>NA",3863
3871,"Klosters-Serneus GR","NA<br><br>NA",3871
3881,"Conters im Prättigau GR","NA<br><br>",3881
3882,"Küblis GR","NA<br><br>NA<br><br>NA",3882
3891,"Luzein GR","NA<br><br>NA<br><br>NA",3891
3901,"Coira GR","NA<br><br>NA<br><br>NA",3901
3911,"Churwalden GR","NA<br><br>",3911
3921,"Arosa GR","NA<br><br>NA",3921
3926,NA,"NA<br><br>NA",3926
3932,"Tschiertschen-Praden GR","NA<br><br>",3932
3941,"Haldenstein GR","NA<br><br>NA<br><br>NA",3941
3945,"Trimmis GR","NA<br><br>NA",3945
3946,"Untervaz GR","NA<br><br>NA<br><br>NA",3946
3947,"Zizers GR","NA<br><br>NA<br><br>NA",3947
3951,"Fläsch GR","NA<br><br>",3951
3952,"Jenins GR","NA<br><br>NA<br><br>NA",3952
3953,"Maienfeld GR","NA<br><br>NA<br><br>NA",3953
3954,"Malans GR","NA<br><br>NA",3954
3955,"Landquart GR","NA<br><br>NA<br><br>NA",3955
3961,"Grüsch GR","NA<br><br>NA",3961
3962,"Schiers GR","NA<br><br>NA",3962
3972,"Seewis im Prättigau GR","NA<br><br>NA",3972
3981,"Breil/Brigels GR","NA<br><br>NA<br><br>NA",3981
3982,"Disentis/Mustér GR","NA<br><br>",3982
3983,"Medel (Lucmagn) GR","NA<br><br>NA<br><br>NA",3983
3985,"Sumvitg GR","NA<br><br>NA<br><br>NA",3985
3986,"Tujetsch GR","NA<br><br>NA<br><br>NA",3986
3987,"Trun GR","NA<br><br>NA<br><br>NA",3987
3988,"Obersaxen Mundaun GR","NA<br><br>NA<br><br>NA",3988
4001,"Aarau AG","NA<br><br>NA<br><br>NA",4001
4002,"Biberstein AG","NA<br><br>NA",4002
4003,"Buchs AG","NA<br><br>NA<br><br>NA",4003
4004,"Densbüren AG","NA<br><br>NA",4004
4005,"Erlinsbach AG","NA<br><br>NA<br><br>NA",4005
4006,"Gränichen AG","NA<br><br>NA<br><br>NA",4006
4007,"Hirschthal AG","NA<br><br>NA",4007
4008,"Küttigen AG","NA<br><br>NA",4008
4009,"Muhen AG","NA<br><br>NA",4009
4010,"Oberentfelden AG","NA<br><br>NA<br><br>NA",4010
4012,"Suhr AG","NA<br><br>NA<br><br>NA",4012
4013,"Unterentfelden AG","NA<br><br>NA<br><br>NA",4013
4021,"Baden AG","NA<br><br>NA<br><br>NA",4021
4022,"Bellikon AG","NA<br><br>NA<br><br>NA",4022
4023,"Bergdietikon AG","NA<br><br>NA",4023
4024,"Birmenstorf AG","NA<br><br>NA<br><br>NA",4024
4026,"Ennetbaden AG","NA<br><br>NA<br><br>NA",4026
4027,"Fislisbach AG","NA<br><br>NA<br><br>NA",4027
4028,"Freienwil AG","NA<br><br>NA",4028
4029,"Gebenstorf AG","NA<br><br>NA<br><br>NA",4029
4030,"Killwangen AG","NA<br><br>NA<br><br>NA",4030
4031,"Künten AG","NA<br><br>NA",4031
4032,"Mägenwil AG","NA<br><br>NA<br><br>NA",4032
4033,"Mellingen AG","NA<br><br>NA<br><br>NA",4033
4034,"Neuenhof AG","NA<br><br>NA<br><br>NA",4034
4035,"Niederrohrdorf AG","NA<br><br>NA<br><br>NA",4035
4037,"Oberrohrdorf AG","NA<br><br>NA<br><br>NA",4037
4038,"Obersiggenthal AG","NA<br><br>NA",4038
4039,"Remetschwil AG","NA<br><br>NA<br><br>NA",4039
4040,"Spreitenbach AG","NA<br><br>NA<br><br>NA",4040
4041,"Stetten AG","NA<br><br>NA",4041
4042,"Turgi AG","NA<br><br>NA<br><br>NA",4042
4044,"Untersiggenthal AG","NA<br><br>NA<br><br>NA",4044
4045,"Wettingen AG","NA<br><br>NA<br><br>NA",4045
4046,"Wohlenschwil AG","NA<br><br>NA<br><br>NA",4046
4047,"Würenlingen AG","NA<br><br>NA",4047
4048,"Würenlos AG","NA<br><br>NA<br><br>NA",4048
4049,"Ehrendingen AG","NA<br><br>NA<br><br>NA",4049
4061,"Arni AG","NA<br><br>NA<br><br>NA",4061
4062,"Berikon AG","NA<br><br>",4062
4063,"Bremgarten AG","NA<br><br>NA<br><br>NA",4063
4064,"Büttikon AG","NA<br><br>",4064
4065,"Dottikon AG","NA<br><br>NA",4065
4066,"Eggenwil AG","NA<br><br>NA<br><br>NA",4066
4067,"Fischbach-Göslikon AG","NA<br><br>NA",4067
4068,"Hägglingen AG","NA<br><br>NA",4068
4071,"Jonen AG","NA<br><br>NA<br><br>NA",4071
4072,"Niederwil AG","NA<br><br>",4072
4073,"Oberlunkhofen AG","NA<br><br>NA<br><br>NA",4073
4074,"Oberwil-Lieli AG","NA<br><br>NA",4074
4075,"Rudolfstetten-Friedlisberg AG","NA<br><br>NA<br><br>NA",4075
4076,"Sarmenstorf AG","NA<br><br>NA",4076
4077,"Tägerig AG","NA<br><br>NA",4077
4078,"Uezwil AG","NA<br><br>NA<br><br>NA",4078
4079,"Unterlunkhofen AG","NA<br><br>NA",4079
4080,"Villmergen AG","NA<br><br>NA",4080
4081,"Widen AG","NA<br><br>NA<br><br>NA",4081
4082,"Wohlen AG","NA<br><br>NA<br><br>NA",4082
4083,"Zufikon AG","NA<br><br>NA<br><br>NA",4083
4084,"Islisberg AG","NA<br><br>NA",4084
4091,"Auenstein AG","NA<br><br>NA<br><br>NA",4091
4092,"Birr AG","NA<br><br>NA",4092
4093,"Birrhard AG","NA<br><br>NA",4093
4094,"Bözen AG","NA<br><br>",4094
4095,"Brugg AG","NA<br><br>NA<br><br>NA",4095
4096,"Effingen AG","NA<br><br>NA",4096
4097,"Elfingen AG","NA<br><br>",4097
4099,"Habsburg AG","NA<br><br>NA<br><br>NA",4099
4100,"Hausen AG","NA<br><br>NA<br><br>NA",4100
4104,"Lupfig AG","NA<br><br>NA",4104
4105,"Mandach AG","NA<br><br>NA<br><br>NA",4105
4106,"Mönthal AG","NA<br><br>NA",4106
4107,"Mülligen AG","NA<br><br>NA<br><br>NA",4107
4110,"Remigen AG","NA<br><br>NA<br><br>NA",4110
4111,"Riniken AG","NA<br><br>NA<br><br>NA",4111
4112,"Rüfenach AG","NA<br><br>NA<br><br>NA",4112
4114,NA,"NA<br><br>NA<br><br>NA",4114
4117,"Thalheim AG","NA<br><br>NA",4117
4120,"Veltheim AG","NA<br><br>NA",4120
4121,"Villigen AG","NA<br><br>NA",4121
4122,"Villnachern AG","NA<br><br>NA<br><br>NA",4122
4123,"Windisch AG","NA<br><br>NA<br><br>NA",4123
4124,"Bözberg AG","NA<br><br>NA<br><br>",4124
4125,"Schinznach AG","NA<br><br>NA<br><br>NA",4125
4131,"Beinwil am See AG","NA<br><br>NA<br><br>NA",4131
4132,"Birrwil AG","NA<br><br>NA<br><br>NA",4132
4133,"Burg AG","NA<br><br>NA",4133
4134,"Dürrenäsch AG","NA<br><br>NA",4134
4135,"Gontenschwil AG","NA<br><br>NA",4135
4136,"Holziken AG","NA<br><br>",4136
4137,"Leimbach AG","NA<br><br>NA",4137
4138,"Leutwil AG","NA<br><br>NA<br><br>NA",4138
4139,"Menziken AG","NA<br><br>NA",4139
4140,"Oberkulm AG","NA<br><br>NA",4140
4141,"Reinach AG","NA<br><br>NA",4141
4142,"Schlossrued AG","NA<br><br>NA",4142
4143,"Schmiedrued AG","NA<br><br>NA<br><br>NA",4143
4144,"Schöftland AG","NA<br><br>NA<br><br>NA",4144
4145,"Teufenthal AG","NA<br><br>NA",4145
4146,"Unterkulm AG","NA<br><br>NA",4146
4147,"Zetzwil AG","NA<br><br>NA",4147
4161,"Eiken AG","NA<br><br>NA<br><br>NA",4161
4163,"Frick AG","NA<br><br>NA<br><br>NA",4163
4164,"Gansingen AG","NA<br><br>",4164
4165,"Gipf-Oberfrick AG","NA<br><br>NA<br><br>NA",4165
4166,"Herznach AG","NA<br><br>NA",4166
4167,"Hornussen AG","NA<br><br>NA",4167
4169,"Kaisten AG","NA<br><br>NA<br><br>NA",4169
4170,"Laufenburg AG","NA<br><br>NA<br><br>NA",4170
4172,"Münchwilen AG","NA<br><br>NA<br><br>NA",4172
4173,"Oberhof AG","NA<br><br>NA",4173
4175,"Oeschgen AG","NA<br><br>NA<br><br>NA",4175
4176,"Schwaderloch AG","NA<br><br>NA<br><br>NA",4176
4177,"Sisseln AG","NA<br><br>NA",4177
4179,"Ueken AG","NA<br><br>NA",4179
4181,"Wittnau AG","NA<br><br>NA<br><br>NA",4181
4182,"Wölflinswil AG","NA<br><br>NA",4182
4183,"Zeihen AG","NA<br><br>NA",4183
4184,"Mettauertal AG","NA<br><br>NA",4184
4191,"Ammerswil AG","NA<br><br>NA",4191
4192,"Boniswil AG","NA<br><br>NA",4192
4193,"Brunegg AG","NA<br><br>NA",4193
4194,"Dintikon AG","NA<br><br>NA",4194
4195,"Egliswil AG","NA<br><br>NA",4195
4196,"Fahrwangen AG","NA<br><br>NA",4196
4197,"Hallwil AG","NA<br><br>",4197
4198,"Hendschiken AG","NA<br><br>NA",4198
4199,"Holderbank AG","NA<br><br>NA<br><br>NA",4199
4200,"Hunzenschwil AG","NA<br><br>NA",4200
4201,"Lenzburg AG","NA<br><br>NA<br><br>NA",4201
4202,"Meisterschwanden AG","NA<br><br>NA",4202
4203,"Möriken-Wildegg AG","NA<br><br>NA<br><br>NA",4203
4204,"Niederlenz AG","NA<br><br>NA<br><br>NA",4204
4205,"Othmarsingen AG","NA<br><br>NA",4205
4206,"Rupperswil AG","NA<br><br>NA<br><br>NA",4206
4207,"Schafisheim AG","NA<br><br>NA<br><br>NA",4207
4208,"Seengen AG","NA<br><br>NA",4208
4209,"Seon AG","NA<br><br>NA<br><br>NA",4209
4210,"Staufen AG","NA<br><br>NA<br><br>NA",4210
4221,"Abtwil AG","NA<br><br>NA",4221
4222,"Aristau AG","NA<br><br>NA",4222
4223,"Auw AG","NA<br><br>",4223
4224,"Beinwil (Freiamt) AG","NA<br><br>NA<br><br>NA",4224
4226,"Besenbüren AG","NA<br><br>NA",4226
4227,"Bettwil AG","NA<br><br>NA",4227
4228,"Boswil AG","NA<br><br>NA",4228
4229,"Bünzen AG","NA<br><br>NA<br><br>",4229
4230,"Buttwil AG","NA<br><br>NA<br><br>NA",4230
4231,"Dietwil AG","NA<br><br>NA",4231
4232,"Geltwil AG","NA<br><br>NA<br><br>NA",4232
4233,"Kallern AG","NA<br><br>NA",4233
4234,"Merenschwand AG","NA<br><br>",4234
4235,"Mühlau AG","NA<br><br>NA",4235
4236,"Muri AG","NA<br><br>NA<br><br>NA",4236
4237,"Oberrüti AG","NA<br><br>NA<br><br>NA",4237
4238,"Rottenschwil AG","NA<br><br>NA",4238
4239,"Sins AG","NA<br><br>NA<br><br>NA",4239
4240,"Waltenschwil AG","NA<br><br>NA",4240
4251,"Hellikon AG","NA<br><br>NA",4251
4252,"Kaiseraugst AG","NA<br><br>NA<br><br>NA",4252
4253,"Magden AG","NA<br><br>NA<br><br>NA",4253
4254,"Möhlin AG","NA<br><br>NA<br><br>NA",4254
4255,"Mumpf AG","NA<br><br>NA",4255
4256,"Obermumpf AG","NA<br><br>NA<br><br>NA",4256
4257,"Olsberg AG","NA<br><br>NA<br><br>NA",4257
4258,"Rheinfelden AG","NA<br><br>NA<br><br>NA",4258
4259,"Schupfart AG","NA<br><br>NA",4259
4260,"Stein AG","NA<br><br>NA<br><br>NA",4260
4261,"Wallbach AG","NA<br><br>NA",4261
4262,"Wegenstetten AG","NA<br><br>NA<br><br>NA",4262
4263,"Zeiningen AG","NA<br><br>NA<br><br>NA",4263
4264,"Zuzgen AG","NA<br><br>NA<br><br>NA",4264
4271,"Aarburg AG","NA<br><br>",4271
4273,"Bottenwil AG","NA<br><br>NA",4273
4274,"Brittnau AG","NA<br><br>NA<br><br>",4274
4275,"Kirchleerau AG","NA<br><br>",4275
4276,"Kölliken AG","NA<br><br>",4276
4277,"Moosleerau AG","NA<br><br>NA<br><br>NA",4277
4279,"Murgenthal AG","NA<br><br>NA",4279
4280,"Oftringen AG","NA<br><br>NA<br><br>NA",4280
4281,"Reitnau AG","NA<br><br>NA",4281
4282,"Rothrist AG","NA<br><br>NA",4282
4283,"Safenwil AG","NA<br><br>NA",4283
4284,"Staffelbach AG","NA<br><br>NA<br><br>NA",4284
4285,"Strengelbach AG","NA<br><br>NA<br><br>NA",4285
4286,"Uerkheim AG","NA<br><br>",4286
4287,"Vordemwald AG","NA<br><br>NA",4287
4288,"Wiliberg AG","NA<br><br>NA<br><br>NA",4288
4289,"Zofingen AG","NA<br><br>NA",4289
4301,"Baldingen AG","NA<br><br>NA",4301
4302,"Böbikon AG","NA<br><br>NA<br><br>NA",4302
4303,"Böttstein AG","NA<br><br>NA",4303
4304,"Döttingen AG","NA<br><br>NA",4304
4305,"Endingen AG","NA<br><br>NA<br><br>NA",4305
4306,"Fisibach AG","NA<br><br>NA",4306
4307,"Full-Reuenthal AG","NA<br><br>NA",4307
4308,"Kaiserstuhl AG","NA<br><br>NA",4308
4309,"Klingnau AG","NA<br><br>NA<br><br>NA",4309
4310,"Koblenz AG","NA<br><br>NA",4310
4311,"Leibstadt AG","NA<br><br>",4311
4312,"Lengnau AG","NA<br><br>NA",4312
4313,"Leuggern AG","NA<br><br>NA",4313
4314,"Mellikon AG","NA<br><br>NA<br><br>NA",4314
4315,"Rekingen AG","NA<br><br>NA",4315
4316,"Rietheim AG","NA<br><br>NA<br><br>NA",4316
4317,"Rümikon AG","NA<br><br>NA",4317
4318,"Schneisingen AG","NA<br><br>NA",4318
4319,"Siglistorf AG","NA<br><br>NA",4319
4320,"Tegerfelden AG","NA<br><br>NA",4320
4322,"Wislikofen AG","NA<br><br>NA<br><br>NA",4322
4323,"Bad Zurzach AG","NA<br><br>NA<br><br>NA",4323
4401,"Arbon TG","NA<br><br>NA<br><br>NA",4401
4406,"Dozwil TG","NA<br><br>NA",4406
4411,"Egnach TG","NA<br><br>NA",4411
4416,"Hefenhofen TG","NA<br><br>NA",4416
4421,"Horn TG","NA<br><br>NA<br><br>NA",4421
4426,"Kesswil TG","NA<br><br>NA<br><br>NA",4426
4431,"Roggwil TG","NA<br><br>NA",4431
4436,"Romanshorn TG","NA<br><br>",4436
4441,"Salmsach TG","NA<br><br>NA<br><br>NA",4441
4446,"Sommeri TG","NA<br><br>NA<br><br>NA",4446
4451,"Uttwil TG","NA<br><br>NA",4451
4461,"Amriswil TG","NA<br><br>NA",4461
4471,"Bischofszell TG","NA<br><br>",4471
4476,"Erlen TG","NA<br><br>NA",4476
4486,"Hauptwil-Gottshaus TG","NA<br><br>NA",4486
4495,"Hohentannen TG","NA<br><br>NA",4495
4501,"Kradolf-Schönenberg TG","NA<br><br>NA",4501
4506,"Sulgen TG","NA<br><br>NA",4506
4511,"Zihlschlacht-Sitterdorf TG","NA<br><br>NA",4511
4536,"Basadingen-Schlattingen TG","NA<br><br>NA",4536
4545,"Diessenhofen TG","NA<br><br>NA<br><br>NA",4545
4546,"Schlatt TG","NA<br><br>NA",4546
4551,"Aadorf TG","NA<br><br>NA",4551
4561,"Felben-Wellhausen TG","NA<br><br>NA",4561
4566,"Frauenfeld TG","NA<br><br>",4566
4571,"Gachnang TG","NA<br><br>NA",4571
4590,"Hüttlingen TG","NA<br><br>",4590
4591,"Matzingen TG","NA<br><br>NA",4591
4601,"Neunforn TG","NA<br><br>NA",4601
4606,"Stettfurt TG","NA<br><br>NA",4606
4611,"Thundorf TG","NA<br><br>NA",4611
4616,"Uesslingen-Buch TG","NA<br><br>NA",4616
4621,"Warth-Weiningen TG","NA<br><br>NA",4621
4641,"Altnau TG","NA<br><br>NA<br><br>NA",4641
4643,"Bottighofen TG","NA<br><br>NA<br><br>NA",4643
4646,"Ermatingen TG","NA<br><br>NA<br><br>NA",4646
4651,"Gottlieben TG","NA<br><br>",4651
4656,"Güttingen TG","NA<br><br>NA",4656
4666,"Kemmental TG","NA<br><br>NA",4666
4671,"Kreuzlingen TG","NA<br><br>NA",4671
4681,"Langrickenbach TG","NA<br><br>NA",4681
4683,"Lengwil TG","NA<br><br>NA",4683
4691,"Münsterlingen TG","NA<br><br>NA<br><br>NA",4691
4696,"Tägerwilen TG","NA<br><br>NA<br><br>NA",4696
4701,"Wäldi TG","NA<br><br>NA<br><br>NA",4701
4711,"Affeltrangen TG","NA<br><br>NA<br><br>NA",4711
4716,"Bettwiesen TG","NA<br><br>NA",4716
4721,"Bichelsee-Balterswil TG","NA<br><br>NA<br><br>NA",4721
4723,"Braunau TG","NA<br><br>NA<br><br>NA",4723
4724,"Eschlikon TG","NA<br><br>NA<br><br>NA",4724
4726,"Fischingen TG","NA<br><br>",4726
4741,"Lommis TG","NA<br><br>NA",4741
4746,"Münchwilen TG","NA<br><br>NA",4746
4751,"Rickenbach TG","NA<br><br>NA",4751
4756,"Schönholzerswilen TG","NA<br><br>NA",4756
4761,"Sirnach TG","NA<br><br>NA<br><br>NA",4761
4776,"Tobel-Tägerschen TG","NA<br><br>NA<br><br>NA",4776
4781,"Wängi TG","NA<br><br>NA",4781
4786,"Wilen TG","NA<br><br>",4786
4791,"Wuppenau TG","NA<br><br>NA",4791
4801,"Berlingen TG","NA<br><br>NA<br><br>NA",4801
4806,"Eschenz TG","NA<br><br>NA",4806
4811,"Herdern TG","NA<br><br>NA<br><br>NA",4811
4816,"Homburg TG","NA<br><br>NA<br><br>NA",4816
4821,"Hüttwilen TG","NA<br><br>NA",4821
4826,"Mammern TG","NA<br><br>NA",4826
4831,"Müllheim TG","NA<br><br>NA",4831
4841,"Pfyn TG","NA<br><br>NA<br><br>NA",4841
4846,"Raperswilen TG","NA<br><br>NA<br><br>NA",4846
4851,"Salenstein TG","NA<br><br>NA",4851
4864,"Steckborn TG","NA<br><br>NA<br><br>NA",4864
4871,"Wagenhausen TG","NA<br><br>NA<br><br>NA",4871
4881,"Amlikon-Bissegg TG","NA<br><br>NA<br><br>NA",4881
4891,"Berg TG","NA<br><br>NA",4891
4901,"Birwinken TG","NA<br><br>NA<br><br>NA",4901
4911,"Bürglen TG","NA<br><br>NA",4911
4921,"Bussnang TG","NA<br><br>",4921
4941,"Märstetten TG","NA<br><br>NA",4941
4946,"Weinfelden TG","NA<br><br>NA<br><br>NA",4946
4951,"Wigoltingen TG","NA<br><br>NA",4951
5001,"Arbedo-Castione TI","NA<br><br>NA",5001
5002,"Bellinzona TI","NA<br><br>NA<br><br>NA",5002
5003,"Cadenazzo TI","NA<br><br>NA<br><br>NA",5003
5009,"Isone TI","NA<br><br>NA",5009
5010,"Lumino TI","NA<br><br>NA",5010
5017,"Sant'Antonino TI","NA<br><br>NA<br><br>NA",5017
5048,"Acquarossa TI","NA<br><br>NA<br><br>NA",5048
5049,"Blenio TI","NA<br><br>NA",5049
5050,"Serravalle TI","NA<br><br>NA<br><br>NA",5050
5061,"Airolo TI","NA<br><br>NA<br><br>NA",5061
5063,"Bedretto TI","NA<br><br>",5063
5064,"Bodio TI","NA<br><br>NA",5064
5071,"Dalpe TI","NA<br><br>NA<br><br>NA",5071
5072,"Faido TI","NA<br><br>NA<br><br>NA",5072
5073,"Giornico TI","NA<br><br>",5073
5076,"Personico TI","NA<br><br>NA<br><br>NA",5076
5077,"Pollegio TI","NA<br><br>",5077
5078,"Prato (Leventina) TI","NA<br><br>NA<br><br>NA",5078
5079,"Quinto TI","NA<br><br>NA<br><br>NA",5079
5091,"Ascona TI","NA<br><br>NA<br><br>NA",5091
5095,"Brione (Verzasca) TI","NA<br><br>",5095
5096,"Brione sopra Minusio TI","NA<br><br>NA<br><br>NA",5096
5097,"Brissago TI","NA<br><br>NA<br><br>NA",5097
5102,"Corippo TI","NA<br><br>",5102
5105,"Frasco TI","NA<br><br>",5105
5108,"Gordola TI","NA<br><br>NA<br><br>NA",5108
5112,"Lavertezzo TI","NA<br><br>NA<br><br>NA",5112
5113,"Locarno TI","NA<br><br>NA",5113
5115,"Losone TI","NA<br><br>NA<br><br>NA",5115
5117,"Mergoscia TI","NA<br><br>",5117
5118,"Minusio TI","NA<br><br>NA",5118
5120,"Muralto TI","NA<br><br>NA<br><br>NA",5120
5121,"Orselina TI","NA<br><br>NA<br><br>NA",5121
5125,"Ronco sopra Ascona TI","NA<br><br>NA<br><br>NA",5125
5129,"Sonogno TI","NA<br><br>",5129
5131,"Tenero-Contra TI","NA<br><br>NA<br><br>NA",5131
5135,"Vogorno TI","NA<br><br>",5135
5136,"Onsernone TI","NA<br><br>NA<br><br>NA",5136
5138,"Cugnasco-Gerra TI","NA<br><br>NA<br><br>NA",5138
5141,"Agno TI","NA<br><br>NA",5141
5143,"Aranno TI","NA<br><br>NA<br><br>NA",5143
5144,"Arogno TI","NA<br><br>NA",5144
5146,"Astano TI","NA<br><br>NA<br><br>NA",5146
5148,"Bedano TI","NA<br><br>NA",5148
5149,"Bedigliora TI","NA<br><br>NA<br><br>NA",5149
5151,"Bioggio TI","NA<br><br>NA",5151
5154,"Bissone TI","NA<br><br>",5154
5160,"Brusino Arsizio TI","NA<br><br>NA",5160
5161,"Cademario TI","NA<br><br>NA<br><br>NA",5161
5162,"Cadempino TI","NA<br><br>NA<br><br>NA",5162
5167,"Canobbio TI","NA<br><br>NA<br><br>NA",5167
5171,"Caslano TI","NA<br><br>NA<br><br>NA",5171
5176,"Comano TI","NA<br><br>NA<br><br>NA",5176
5178,"Croglio TI","NA<br><br>NA<br><br>NA",5178
5180,"Cureglia TI","NA<br><br>NA<br><br>NA",5180
5181,"Curio TI","NA<br><br>NA<br><br>NA",5181
5186,"Grancia TI","NA<br><br>NA<br><br>NA",5186
5187,"Gravesano TI","NA<br><br>NA<br><br>NA",5187
5189,"Lamone TI","NA<br><br>NA<br><br>NA",5189
5192,"Lugano TI","NA<br><br>NA",5192
5193,"Magliaso TI","NA<br><br>NA",5193
5194,"Manno TI","NA<br><br>NA",5194
5195,"Maroggia TI","NA<br><br>NA",5195
5196,"Massagno TI","NA<br><br>NA<br><br>NA",5196
5197,"Melano TI","NA<br><br>NA<br><br>NA",5197
5198,"Melide TI","NA<br><br>NA<br><br>NA",5198
5199,"Mezzovico-Vira TI","NA<br><br>NA<br><br>NA",5199
5200,"Miglieglia TI","NA<br><br>",5200
5202,"Monteggio TI","NA<br><br>NA<br><br>NA",5202
5203,"Morcote TI","NA<br><br>NA",5203
5205,"Muzzano TI","NA<br><br>NA<br><br>NA",5205
5206,"Neggio TI","NA<br><br>NA<br><br>NA",5206
5207,"Novaggio TI","NA<br><br>NA",5207
5208,"Origlio TI","NA<br><br>NA<br><br>NA",5208
5210,"Paradiso TI","NA<br><br>NA<br><br>NA",5210
5212,"Ponte Capriasca TI","NA<br><br>NA<br><br>NA",5212
5213,"Ponte Tresa TI","NA<br><br>NA<br><br>NA",5213
5214,"Porza TI","NA<br><br>",5214
5216,"Pura TI","NA<br><br>NA<br><br>NA",5216
5219,"Rovio TI","NA<br><br>NA<br><br>NA",5219
5221,"Savosa TI","NA<br><br>NA<br><br>NA",5221
5222,"Sessa TI","NA<br><br>NA<br><br>NA",5222
5225,"Sorengo TI","NA<br><br>NA",5225
5226,"Capriasca TI","NA<br><br>NA<br><br>NA",5226
5227,"Torricella-Taverne TI","NA<br><br>NA",5227
5230,"Vernate TI","NA<br><br>NA<br><br>NA",5230
5231,"Vezia TI","NA<br><br>NA<br><br>NA",5231
5233,"Vico Morcote TI","NA<br><br>NA<br><br>NA",5233
5236,"Collina d'Oro TI","NA<br><br>NA<br><br>NA",5236
5237,"Alto Malcantone TI","NA<br><br>NA<br><br>NA",5237
5238,"Monteceneri TI","NA<br><br>NA<br><br>NA",5238
5242,"Balerna TI","NA<br><br>NA<br><br>NA",5242
5249,"Castel San Pietro TI","NA<br><br>NA<br><br>NA",5249
5250,"Chiasso TI","NA<br><br>NA<br><br>NA",5250
5251,"Coldrerio TI","NA<br><br>NA<br><br>NA",5251
5254,"Mendrisio TI","NA<br><br>NA<br><br>NA",5254
5257,"Morbio Inferiore TI","NA<br><br>NA<br><br>NA",5257
5260,"Novazzano TI","NA<br><br>NA<br><br>NA",5260
5263,"Riva San Vitale TI","NA<br><br>NA<br><br>NA",5263
5266,"Stabio TI","NA<br><br>NA<br><br>NA",5266
5268,"Vacallo TI","NA<br><br>NA<br><br>NA",5268
5269,"Breggia TI","NA<br><br>NA<br><br>NA",5269
5281,"Biasca TI","NA<br><br>NA<br><br>",5281
5287,"Riviera TI","NA<br><br>NA<br><br>NA",5287
5304,"Bosco/Gurin TI","NA<br><br>",5304
5307,"Campo (Vallemaggia) TI","NA<br><br>",5307
5309,"Cerentino TI","NA<br><br>",5309
5310,"Cevio TI","NA<br><br>NA<br><br>NA",5310
5315,"Linescio TI","NA<br><br>",5315
5317,"Maggia TI","NA<br><br>NA",5317
5323,"Lavizzara TI","NA<br><br>NA<br><br>NA",5323
5324,"Avegno Gordevio TI","NA<br><br>NA",5324
5396,"Terre di Pedemonte TI","NA<br><br>NA<br><br>NA",5396
5397,"Centovalli TI","NA<br><br>NA",5397
5398,"Gambarogno TI","NA<br><br>NA<br><br>NA",5398
5401,"Aigle VD","NA<br><br>NA<br><br>NA",5401
5402,"Bex VD","NA<br><br>NA<br><br>NA",5402
5403,"Chessel VD","NA<br><br>NA",5403
5404,"Corbeyrier VD","NA<br><br>NA<br><br>NA",5404
5405,"Gryon VD","NA<br><br>NA<br><br>NA",5405
5406,"Lavey-Morcles VD","NA<br><br>NA",5406
5407,"Leysin VD","NA<br><br>NA<br><br>NA",5407
5408,"Noville VD","NA<br><br>NA<br><br>NA",5408
5409,"Ollon VD","NA<br><br>NA<br><br>NA",5409
5410,"Ormont-Dessous VD","NA<br><br>",5410
5411,"Ormont-Dessus VD","NA<br><br>NA",5411
5412,"Rennaz VD","NA<br><br>NA<br><br>NA",5412
5413,"Roche VD","NA<br><br>NA",5413
5414,"Villeneuve VD","NA<br><br>NA<br><br>NA",5414
5415,"Yvorne VD","NA<br><br>NA",5415
5421,"Apples VD","NA<br><br>NA<br><br>NA",5421
5422,"Aubonne VD","NA<br><br>NA<br><br>NA",5422
5423,"Ballens VD","NA<br><br>",5423
5424,"Berolle VD","NA<br><br>",5424
5425,"Bière VD","NA<br><br>",5425
5426,"Bougy-Villars VD","NA<br><br>NA<br><br>NA",5426
5427,"Féchy VD","NA<br><br>NA<br><br>NA",5427
5428,"Gimel VD","NA<br><br>NA<br><br>NA",5428
5429,"Longirod VD","NA<br><br>NA",5429
5430,"Marchissy VD","NA<br><br>NA<br><br>NA",5430
5431,"Mollens VD","NA<br><br>NA<br><br>NA",5431
5432,"Montherod VD","NA<br><br>NA<br><br>NA",5432
5434,"Saint-George VD","NA<br><br>NA",5434
5435,"Saint-Livres VD","NA<br><br>NA",5435
5436,"Saint-Oyens VD","NA<br><br>NA<br><br>NA",5436
5437,"Saubraz VD","NA<br><br>NA<br><br>NA",5437
5451,"Avenches VD","NA<br><br>NA<br><br>NA",5451
5456,"Cudrefin VD","NA<br><br>NA<br><br>NA",5456
5458,"Faoug VD","NA<br><br>NA<br><br>NA",5458
5464,"Vully-les-Lacs VD","NA<br><br>NA<br><br>NA",5464
5471,"Bettens VD","NA<br><br>NA<br><br>NA",5471
5472,"Bournens VD","NA<br><br>NA<br><br>NA",5472
5473,"Boussens VD","NA<br><br>NA<br><br>NA",5473
5474,"La Chaux (Cossonay) VD","NA<br><br>NA",5474
5475,"Chavannes-le-Veyron VD","NA<br><br>NA<br><br>NA",5475
5476,"Chevilly VD","NA<br><br>NA<br><br>NA",5476
5477,"Cossonay VD","NA<br><br>NA<br><br>NA",5477
5478,"Cottens VD","NA<br><br>NA",5478
5479,"Cuarnens VD","NA<br><br>NA<br><br>NA",5479
5480,"Daillens VD","NA<br><br>NA<br><br>NA",5480
5481,"Dizy VD","NA<br><br>NA",5481
5482,"Eclépens VD","NA<br><br>NA<br><br>NA",5482
5483,"Ferreyres VD","NA<br><br>NA<br><br>NA",5483
5484,"Gollion VD","NA<br><br>NA<br><br>NA",5484
5485,"Grancy VD","NA<br><br>NA<br><br>NA",5485
5486,"L'Isle VD","NA<br><br>NA",5486
5487,"Lussery-Villars VD","NA<br><br>NA<br><br>NA",5487
5488,"Mauraz VD","NA<br><br>",5488
5489,"Mex VD","NA<br><br>NA<br><br>NA",5489
5490,"Moiry VD","NA<br><br>NA<br><br>NA",5490
5491,"Mont-la-Ville VD","NA<br><br>NA<br><br>NA",5491
5492,"Montricher VD","NA<br><br>NA<br><br>NA",5492
5493,"Orny VD","NA<br><br>NA<br><br>NA",5493
5494,"Pampigny VD","NA<br><br>NA<br><br>NA",5494
5495,"Penthalaz VD","NA<br><br>NA<br><br>NA",5495
5496,"Penthaz VD","NA<br><br>NA<br><br>NA",5496
5497,"Pompaples VD","NA<br><br>NA",5497
5498,"La Sarraz VD","NA<br><br>NA",5498
5499,"Senarclens VD","NA<br><br>NA<br><br>NA",5499
5500,"Sévery VD","NA<br><br>NA<br><br>NA",5500
5501,"Sullens VD","NA<br><br>NA",5501
5503,"Vufflens-la-Ville VD","NA<br><br>NA<br><br>NA",5503
5511,"Assens VD","NA<br><br>NA<br><br>NA",5511
5512,"Bercher VD","NA<br><br>",5512
5513,"Bioley-Orjulaz VD","NA<br><br>NA<br><br>NA",5513
5514,"Bottens VD","NA<br><br>NA<br><br>NA",5514
5515,"Bretigny-sur-Morrens VD","NA<br><br>NA<br><br>NA",5515
5516,"Cugy VD","NA<br><br>NA",5516
5518,"Echallens VD","NA<br><br>NA",5518
5520,"Essertines-sur-Yverdon VD","NA<br><br>NA",5520
5521,"Etagnières VD","NA<br><br>NA",5521
5522,"Fey VD","NA<br><br>NA",5522
5523,"Froideville VD","NA<br><br>",5523
5527,"Morrens VD","NA<br><br>NA<br><br>NA",5527
5529,"Oulens-sous-Echallens VD","NA<br><br>NA<br><br>NA",5529
5530,"Pailly VD","NA<br><br>NA<br><br>NA",5530
5531,"Penthéréaz VD","NA<br><br>NA<br><br>NA",5531
5533,"Poliez-Pittet VD","NA<br><br>NA",5533
5534,"Rueyres VD","NA<br><br>NA",5534
5535,"Saint-Barthélemy VD","NA<br><br>NA<br><br>NA",5535
5537,"Villars-le-Terroir VD","NA<br><br>NA<br><br>NA",5537
5539,"Vuarrens VD","NA<br><br>NA<br><br>NA",5539
5540,"Montilliez VD","NA<br><br>",5540
5541,"Goumoëns VD","NA<br><br>NA",5541
5551,"Bonvillars VD","NA<br><br>NA",5551
5552,"Bullet VD","NA<br><br>",5552
5553,"Champagne VD","NA<br><br>NA<br><br>NA",5553
5554,"Concise VD","NA<br><br>NA",5554
5555,"Corcelles-près-Concise VD","NA<br><br>NA<br><br>NA",5555
5556,"Fiez VD","NA<br><br>NA<br><br>NA",5556
5557,"Fontaines-sur-Grandson VD","NA<br><br>NA<br><br>NA",5557
5559,"Giez VD","NA<br><br>NA",5559
5560,"Grandevent VD","NA<br><br>NA<br><br>NA",5560
5561,"Grandson VD","NA<br><br>NA<br><br>NA",5561
5562,"Mauborget VD","NA<br><br>NA",5562
5563,"Mutrux VD","NA<br><br>NA<br><br>NA",5563
5564,"Novalles VD","NA<br><br>",5564
5565,"Onnens VD","NA<br><br>NA<br><br>NA",5565
5566,"Provence VD","NA<br><br>NA<br><br>NA",5566
5568,"Sainte-Croix VD","NA<br><br>NA<br><br>NA",5568
5571,"Tévenon VD","NA<br><br>NA<br><br>NA",5571
5581,"Belmont-sur-Lausanne VD","NA<br><br>NA<br><br>NA",5581
5582,"Cheseaux-sur-Lausanne VD","NA<br><br>NA<br><br>NA",5582
5583,"Crissier VD","NA<br><br>NA<br><br>NA",5583
5584,"Epalinges VD","NA<br><br>NA<br><br>NA",5584
5585,"Jouxtens-Mézery VD","NA<br><br>NA<br><br>NA",5585
5586,"Losanna VD","NA<br><br>NA<br><br>NA",5586
5587,"Le Mont-sur-Lausanne VD","NA<br><br>NA<br><br>NA",5587
5588,"Paudex VD","NA<br><br>NA<br><br>NA",5588
5589,"Prilly VD","NA<br><br>NA<br><br>NA",5589
5590,"Pully VD","NA<br><br>NA<br><br>NA",5590
5591,"Renens VD","NA<br><br>NA<br><br>NA",5591
5592,"Romanel-sur-Lausanne VD","NA<br><br>NA<br><br>NA",5592
5601,"Chexbres VD","NA<br><br>NA<br><br>NA",5601
5604,"Forel (Lavaux) VD","NA<br><br>",5604
5606,"Lutry VD","NA<br><br>NA<br><br>NA",5606
5607,"Puidoux VD","NA<br><br>NA<br><br>NA",5607
5609,"Rivaz VD","NA<br><br>NA<br><br>NA",5609
5610,"Saint-Saphorin (Lavaux) VD","NA<br><br>NA<br><br>NA",5610
5611,"Savigny VD","NA<br><br>NA<br><br>NA",5611
5613,"Bourg-en-Lavaux VD","NA<br><br>NA<br><br>NA",5613
5621,"Aclens VD","NA<br><br>NA",5621
5622,"Bremblens VD","NA<br><br>NA<br><br>NA",5622
5623,"Buchillon VD","NA<br><br>NA",5623
5624,"Bussigny VD","NA<br><br>NA<br><br>NA",5624
5625,"Bussy-Chardonney VD","NA<br><br>NA<br><br>NA",5625
5627,"Chavannes-près-Renens VD","NA<br><br>NA<br><br>NA",5627
5628,"Chigny VD","NA<br><br>NA<br><br>NA",5628
5629,"Clarmont VD","NA<br><br>NA<br><br>NA",5629
5631,"Denens VD","NA<br><br>NA<br><br>NA",5631
5632,"Denges VD","NA<br><br>NA<br><br>NA",5632
5633,"Echandens VD","NA<br><br>NA<br><br>NA",5633
5634,"Echichens VD","NA<br><br>NA",5634
5635,"Ecublens VD","NA<br><br>NA<br><br>NA",5635
5636,"Etoy VD","NA<br><br>NA<br><br>NA",5636
5637,"Lavigny VD","NA<br><br>NA<br><br>NA",5637
5638,"Lonay VD","NA<br><br>NA<br><br>NA",5638
5639,"Lully VD","NA<br><br>NA<br><br>NA",5639
5640,"Lussy-sur-Morges VD","NA<br><br>NA<br><br>NA",5640
5642,"Morges VD","NA<br><br>NA<br><br>NA",5642
5643,"Préverenges VD","NA<br><br>NA",5643
5644,"Reverolle VD","NA<br><br>NA<br><br>NA",5644
5645,"Romanel-sur-Morges VD","NA<br><br>NA<br><br>NA",5645
5646,"Saint-Prex VD","NA<br><br>NA<br><br>NA",5646
5648,"Saint-Sulpice VD","NA<br><br>NA<br><br>NA",5648
5649,"Tolochenaz VD","NA<br><br>NA<br><br>NA",5649
5650,"Vaux-sur-Morges VD","NA<br><br>NA<br><br>NA",5650
5651,"Villars-Sainte-Croix VD","NA<br><br>NA<br><br>NA",5651
5652,"Villars-sous-Yens VD","NA<br><br>NA<br><br>NA",5652
5653,"Vufflens-le-Château VD","NA<br><br>NA",5653
5654,"Vullierens VD","NA<br><br>NA",5654
5655,"Yens VD","NA<br><br>NA<br><br>NA",5655
5661,"Boulens VD","NA<br><br>NA<br><br>NA",5661
5663,"Bussy-sur-Moudon VD","NA<br><br>NA<br><br>NA",5663
5665,"Chavannes-sur-Moudon VD","NA<br><br>NA<br><br>NA",5665
5669,"Curtilles VD","NA<br><br>NA",5669
5671,"Dompierre VD","NA<br><br>NA<br><br>NA",5671
5673,"Hermenches VD","NA<br><br>NA<br><br>NA",5673
5674,"Lovatens VD","NA<br><br>NA<br><br>NA",5674
5675,"Lucens VD","NA<br><br>",5675
5678,"Moudon VD","NA<br><br>NA",5678
5680,"Ogens VD","NA<br><br>NA<br><br>NA",5680
5683,"Prévonloup VD","NA<br><br>NA<br><br>NA",5683
5684,"Rossenges VD","NA<br><br>NA<br><br>NA",5684
5688,"Syens VD","NA<br><br>NA<br><br>NA",5688
5690,"Villars-le-Comte VD","NA<br><br>NA<br><br>NA",5690
5692,"Vucherens VD","NA<br><br>NA",5692
5693,"Montanaire VD","NA<br><br>NA<br><br>NA",5693
5701,"Arnex-sur-Nyon VD","NA<br><br>NA<br><br>NA",5701
5702,"Arzier-Le Muids VD","NA<br><br>NA<br><br>NA",5702
5703,"Bassins VD","NA<br><br>NA",5703
5704,"Begnins VD","NA<br><br>NA<br><br>NA",5704
5705,"Bogis-Bossey VD","NA<br><br>NA<br><br>NA",5705
5706,"Borex VD","NA<br><br>NA<br><br>NA",5706
5707,"Chavannes-de-Bogis VD","NA<br><br>NA",5707
5708,"Chavannes-des-Bois VD","NA<br><br>NA<br><br>NA",5708
5709,"Chéserex VD","NA<br><br>NA<br><br>NA",5709
5710,"Coinsins VD","NA<br><br>NA<br><br>NA",5710
5711,"Commugny VD","NA<br><br>NA<br><br>NA",5711
5712,"Coppet VD","NA<br><br>NA<br><br>NA",5712
5713,"Crans-près-Céligny VD","NA<br><br>NA<br><br>NA",5713
5714,"Crassier VD","NA<br><br>NA<br><br>NA",5714
5715,"Duillier VD","NA<br><br>NA<br><br>NA",5715
5716,"Eysins VD","NA<br><br>NA<br><br>NA",5716
5717,"Founex VD","NA<br><br>NA<br><br>NA",5717
5718,"Genolier VD","NA<br><br>NA<br><br>NA",5718
5719,"Gingins VD","NA<br><br>NA<br><br>NA",5719
5720,"Givrins VD","NA<br><br>NA<br><br>NA",5720
5721,"Gland VD","NA<br><br>NA<br><br>NA",5721
5722,"Grens VD","NA<br><br>NA",5722
5723,"Mies VD","NA<br><br>NA<br><br>NA",5723
5724,"Nyon VD","NA<br><br>NA<br><br>NA",5724
5725,"Prangins VD","NA<br><br>NA<br><br>NA",5725
5726,"La Rippe VD","NA<br><br>NA<br><br>NA",5726
5727,"Saint-Cergue VD","NA<br><br>NA<br><br>NA",5727
5728,"Signy-Avenex VD","NA<br><br>NA<br><br>NA",5728
5729,"Tannay VD","NA<br><br>NA<br><br>NA",5729
5730,"Trélex VD","NA<br><br>NA<br><br>NA",5730
5731,"Le Vaud VD","NA<br><br>NA",5731
5732,"Vich VD","NA<br><br>NA",5732
5741,"L'Abergement VD","NA<br><br>NA<br><br>NA",5741
5742,"Agiez VD","NA<br><br>NA<br><br>NA",5742
5743,"Arnex-sur-Orbe VD","NA<br><br>NA<br><br>NA",5743
5744,"Ballaigues VD","NA<br><br>NA<br><br>NA",5744
5745,"Baulmes VD","NA<br><br>NA<br><br>NA",5745
5746,"Bavois VD","NA<br><br>NA<br><br>NA",5746
5747,"Bofflens VD","NA<br><br>NA<br><br>NA",5747
5748,"Bretonnières VD","NA<br><br>NA<br><br>NA",5748
5749,"Chavornay VD","NA<br><br>NA<br><br>NA",5749
5750,"Les Clées VD","NA<br><br>NA<br><br>NA",5750
5752,"Croy VD","NA<br><br>NA<br><br>NA",5752
5754,"Juriens VD","NA<br><br>NA<br><br>NA",5754
5755,"Lignerolle VD","NA<br><br>NA<br><br>NA",5755
5756,"Montcherand VD","NA<br><br>NA<br><br>NA",5756
5757,"Orbe VD","NA<br><br>NA<br><br>NA",5757
5758,"La Praz VD","NA<br><br>NA<br><br>NA",5758
5759,"Premier VD","NA<br><br>NA",5759
5760,"Rances VD","NA<br><br>NA<br><br>NA",5760
5761,"Romainmôtier-Envy VD","NA<br><br>NA<br><br>NA",5761
5762,"Sergey VD","NA<br><br>NA<br><br>NA",5762
5763,"Valeyres-sous-Rances VD","NA<br><br>NA",5763
5764,"Vallorbe VD","NA<br><br>NA<br><br>NA",5764
5765,"Vaulion VD","NA<br><br>NA<br><br>NA",5765
5766,"Vuiteboeuf VD","NA<br><br>NA<br><br>NA",5766
5785,"Corcelles-le-Jorat VD","NA<br><br>NA",5785
5788,"Essertes VD","NA<br><br>NA<br><br>NA",5788
5790,"Maracon VD","NA<br><br>NA",5790
5792,"Montpreveyres VD","NA<br><br>NA<br><br>NA",5792
5798,"Ropraz VD","NA<br><br>NA<br><br>NA",5798
5799,"Servion VD","NA<br><br>NA<br><br>NA",5799
5803,"Vulliens VD","NA<br><br>NA<br><br>NA",5803
5804,"Jorat-Menthue VD","NA<br><br>NA<br><br>NA",5804
5805,"Oron VD","NA<br><br>NA<br><br>NA",5805
5806,"Jorat-Mézières VD","NA<br><br>",5806
5812,"Champtauroz VD","NA<br><br>NA<br><br>NA",5812
5813,"Chevroux VD","NA<br><br>NA<br><br>NA",5813
5816,"Corcelles-près-Payerne VD","NA<br><br>NA<br><br>NA",5816
5817,"Grandcour VD","NA<br><br>NA<br><br>NA",5817
5819,"Henniez VD","NA<br><br>",5819
5821,"Missy VD","NA<br><br>NA<br><br>NA",5821
5822,"Payerne VD","NA<br><br>NA<br><br>NA",5822
5827,"Trey VD","NA<br><br>NA<br><br>NA",5827
5828,"Treytorrens (Payerne) VD","NA<br><br>",5828
5830,"Villarzel VD","NA<br><br>NA<br><br>NA",5830
5831,"Valbroye VD","NA<br><br>",5831
5841,"Château-d'Oex VD","NA<br><br>",5841
5842,"Rossinière VD","NA<br><br>",5842
5843,"Rougemont VD","NA<br><br>NA<br><br>NA",5843
5851,"Allaman VD","NA<br><br>NA<br><br>NA",5851
5852,"Bursinel VD","NA<br><br>NA<br><br>NA",5852
5853,"Bursins VD","NA<br><br>NA<br><br>NA",5853
5854,"Burtigny VD","NA<br><br>NA<br><br>NA",5854
5855,"Dully VD","NA<br><br>NA<br><br>NA",5855
5856,"Essertines-sur-Rolle VD","NA<br><br>NA<br><br>NA",5856
5857,"Gilly VD","NA<br><br>NA<br><br>NA",5857
5858,"Luins VD","NA<br><br>NA<br><br>NA",5858
5859,"Mont-sur-Rolle VD","NA<br><br>NA<br><br>NA",5859
5860,"Perroy VD","NA<br><br>NA<br><br>NA",5860
5861,"Rolle VD","NA<br><br>NA<br><br>NA",5861
5862,"Tartegnin VD","NA<br><br>NA<br><br>NA",5862
5863,"Vinzel VD","NA<br><br>NA<br><br>",5863
5871,"L'Abbaye VD","NA<br><br>",5871
5872,"Le Chenit VD","NA<br><br>NA",5872
5873,"Le Lieu VD","NA<br><br>NA<br><br>NA",5873
5881,"Blonay VD","NA<br><br>NA<br><br>NA",5881
5882,"Chardonne VD","NA<br><br>NA<br><br>NA",5882
5883,"Corseaux VD","NA<br><br>NA",5883
5884,"Corsier-sur-Vevey VD","NA<br><br>NA<br><br>NA",5884
5885,"Jongny VD","NA<br><br>NA<br><br>NA",5885
5886,"Montreux VD","NA<br><br>NA<br><br>NA",5886
5888,"Saint-Légier-La Chiésaz VD","NA<br><br>NA<br><br>NA",5888
5889,"La Tour-de-Peilz VD","NA<br><br>NA<br><br>NA",5889
5890,"Vevey VD","NA<br><br>NA<br><br>NA",5890
5891,"Veytaux VD","NA<br><br>NA<br><br>NA",5891
5902,"Belmont-sur-Yverdon VD","NA<br><br>",5902
5903,"Bioley-Magnoux VD","NA<br><br>NA",5903
5904,"Chamblon VD","NA<br><br>NA",5904
5905,"Champvent VD","NA<br><br>NA<br><br>NA",5905
5907,"Chavannes-le-Chêne VD","NA<br><br>NA<br><br>NA",5907
5908,"Chêne-Pâquier VD","NA<br><br>NA<br><br>NA",5908
5909,"Cheseaux-Noréaz VD","NA<br><br>NA<br><br>NA",5909
5910,"Cronay VD","NA<br><br>NA",5910
5911,"Cuarny VD","NA<br><br>NA",5911
5912,"Démoret VD","NA<br><br>NA<br><br>NA",5912
5913,"Donneloye VD","NA<br><br>NA<br><br>NA",5913
5914,"Ependes VD","NA<br><br>NA<br><br>NA",5914
5919,"Mathod VD","NA<br><br>NA",5919
5921,"Molondin VD","NA<br><br>",5921
5922,"Montagny-près-Yverdon VD","NA<br><br>NA<br><br>NA",5922
5923,"Oppens VD","NA<br><br>NA<br><br>NA",5923
5924,"Orges VD","NA<br><br>NA<br><br>NA",5924
5925,"Orzens VD","NA<br><br>NA",5925
5926,"Pomy VD","NA<br><br>NA<br><br>NA",5926
5928,"Rovray VD","NA<br><br>NA<br><br>NA",5928
5929,"Suchy VD","NA<br><br>",5929
5930,"Suscévaz VD","NA<br><br>NA<br><br>NA",5930
5931,"Treycovagnes VD","NA<br><br>NA<br><br>NA",5931
5932,"Ursins VD","NA<br><br>NA",5932
5933,"Valeyres-sous-Montagny VD","NA<br><br>NA<br><br>NA",5933
5934,"Valeyres-sous-Ursins VD","NA<br><br>NA<br><br>NA",5934
5935,"Villars-Epeney VD","NA<br><br>NA<br><br>NA",5935
5937,"Vugelles-La Mothe VD","NA<br><br>NA<br><br>NA",5937
5938,"Yverdon-les-Bains VD","NA<br><br>NA<br><br>NA",5938
5939,"Yvonand VD","NA<br><br>NA",5939
6002,"Briga-Glis VS","NA<br><br>",6002
6004,"Eggerberg VS","NA<br><br>NA<br><br>NA",6004
6007,"Naters VS","NA<br><br>NA",6007
6008,"Ried-Brig VS","NA<br><br>NA<br><br>NA",6008
6009,"Sempione VS","NA<br><br>",6009
6010,"Termen VS","NA<br><br>",6010
6011,"Zwischbergen VS","NA<br><br>",6011
6021,"Ardon VS","NA<br><br>NA<br><br>NA",6021
6022,"Chamoson VS","NA<br><br>NA<br><br>NA",6022
6023,"Conthey VS","NA<br><br>NA<br><br>NA",6023
6024,"Nendaz VS","NA<br><br>",6024
6025,"Vétroz VS","NA<br><br>NA<br><br>NA",6025
6031,"Bagnes VS","NA<br><br>",6031
6032,"Bourg-Saint-Pierre VS","NA<br><br>NA<br><br>NA",6032
6033,"Liddes VS","NA<br><br>NA<br><br>NA",6033
6034,"Orsières VS","NA<br><br>",6034
6035,"Sembrancher VS","NA<br><br>NA<br><br>NA",6035
6036,"Vollèges VS","NA<br><br>NA",6036
6052,"Bellwald VS","NA<br><br>",6052
6054,"Binn VS","NA<br><br>",6054
6056,"Ernen VS","NA<br><br>NA<br><br>NA",6056
6057,"Fiesch VS","NA<br><br>NA<br><br>NA",6057
6058,"Fieschertal VS","NA<br><br>NA<br><br>NA",6058
6061,"Lax VS","NA<br><br>NA<br><br>NA",6061
6076,"Obergoms VS","NA<br><br>",6076
6077,"Goms VS","NA<br><br>NA<br><br>NA",6077
6082,"Ayent VS","NA<br><br>NA<br><br>NA",6082
6083,"Evolène VS","NA<br><br>NA",6083
6084,"Hérémence VS","NA<br><br>NA<br><br>NA",6084
6087,"Saint-Martin VS","NA<br><br>NA",6087
6089,"Vex VS","NA<br><br>NA<br><br>NA",6089
6090,"Mont-Noble VS","NA<br><br>NA<br><br>NA",6090
6101,"Agarn VS","NA<br><br>NA<br><br>NA",6101
6102,"Albinen VS","NA<br><br>NA<br><br>NA",6102
6104,"Ergisch VS","NA<br><br>NA<br><br>NA",6104
6109,"Inden VS","NA<br><br>",6109
6110,"Leuk VS","NA<br><br>NA<br><br>NA",6110
6111,"Leukerbad VS","NA<br><br>NA<br><br>NA",6111
6112,"Oberems VS","NA<br><br>",6112
6113,"Salgesch VS","NA<br><br>NA<br><br>NA",6113
6116,"Varen VS","NA<br><br>NA<br><br>NA",6116
6117,"Guttet-Feschel VS","NA<br><br>NA<br><br>NA",6117
6118,"Gampel-Bratsch VS","NA<br><br>",6118
6119,"Turtmann-Unterems VS","NA<br><br>NA<br><br>NA",6119
6131,"Bovernier VS","NA<br><br>NA",6131
6132,"Charrat VS","NA<br><br>NA<br><br>NA",6132
6133,"Fully VS","NA<br><br>NA<br><br>",6133
6134,"Isérables VS","NA<br><br>NA",6134
6135,"Leytron VS","NA<br><br>NA",6135
6136,"Martigny VS","NA<br><br>",6136
6137,"Martigny-Combe VS","NA<br><br>NA<br><br>NA",6137
6139,"Riddes VS","NA<br><br>NA<br><br>NA",6139
6140,"Saillon VS","NA<br><br>NA",6140
6141,"Saxon VS","NA<br><br>NA<br><br>NA",6141
6142,"Trient VS","NA<br><br>",6142
6151,"Champéry VS","NA<br><br>NA<br><br>NA",6151
6152,"Collombey-Muraz VS","NA<br><br>NA",6152
6153,"Monthey VS","NA<br><br>NA<br><br>NA",6153
6154,"Port-Valais VS","NA<br><br>NA<br><br>NA",6154
6155,"Saint-Gingolph VS","NA<br><br>NA<br><br>NA",6155
6156,"Troistorrents VS","NA<br><br>NA<br><br>NA",6156
6157,"Val-d'Illiez VS","NA<br><br>NA<br><br>NA",6157
6158,"Vionnaz VS","NA<br><br>NA<br><br>NA",6158
6159,"Vouvry VS","NA<br><br>NA<br><br>NA",6159
6172,"Bister VS","NA<br><br>",6172
6173,"Bitsch VS","NA<br><br>NA<br><br>NA",6173
6177,"Grengiols VS","NA<br><br>NA<br><br>NA",6177
6181,"Riederalp VS","NA<br><br>NA<br><br>NA",6181
6191,"Ausserberg VS","NA<br><br>",6191
6192,"Blatten VS","NA<br><br>",6192
6193,"Bürchen VS","NA<br><br>",6193
6194,"Eischoll VS","NA<br><br>NA<br><br>NA",6194
6195,"Ferden VS","NA<br><br>",6195
6197,"Kippel VS","NA<br><br>",6197
6198,"Niedergesteln VS","NA<br><br>",6198
6199,"Raron VS","NA<br><br>NA<br><br>NA",6199
6201,"Unterbäch VS","NA<br><br>NA<br><br>NA",6201
6202,"Wiler (Lötschen) VS","NA<br><br>NA<br><br>NA",6202
6203,"Mörel-Filet VS","NA<br><br>NA<br><br>NA",6203
6204,"Steg-Hohtenn VS","NA<br><br>NA<br><br>NA",6204
6205,"Bettmeralp VS","NA<br><br>NA<br><br>NA",6205
6211,"Collonges VS","NA<br><br>NA<br><br>NA",6211
6212,"Dorénaz VS","NA<br><br>NA",6212
6213,"Evionnaz VS","NA<br><br>NA<br><br>NA",6213
6214,"Finhaut VS","NA<br><br>NA<br><br>NA",6214
6215,"Massongex VS","NA<br><br>NA<br><br>NA",6215
6217,"Saint-Maurice VS","NA<br><br>NA<br><br>NA",6217
6218,"Salvan VS","NA<br><br>NA<br><br>NA",6218
6219,"Vernayaz VS","NA<br><br>",6219
6220,"Vérossaz VS","NA<br><br>",6220
6232,"Chalais VS","NA<br><br>NA",6232
6235,"Chippis VS","NA<br><br>NA<br><br>NA",6235
6238,"Grône VS","NA<br><br>NA<br><br>NA",6238
6239,"Icogne VS","NA<br><br>NA<br><br>NA",6239
6240,"Lens VS","NA<br><br>NA<br><br>NA",6240
6241,"Miège VS","NA<br><br>NA<br><br>NA",6241
6246,"Saint-Léonard VS","NA<br><br>NA<br><br>NA",6246
6248,"Siders VS","NA<br><br>",6248
6249,"Venthône VS","NA<br><br>NA<br><br>NA",6249
6250,"Veyras VS","NA<br><br>NA<br><br>NA",6250
6252,"Anniviers VS","NA<br><br>NA<br><br>NA",6252
6253,"Crans-Montana VS","NA<br><br>NA<br><br>NA",6253
6261,"Arbaz VS","NA<br><br>NA",6261
6263,"Grimisuat VS","NA<br><br>NA<br><br>NA",6263
6265,"Savièse VS","NA<br><br>NA<br><br>NA",6265
6266,"Sitten VS","NA<br><br>NA<br><br>NA",6266
6267,"Veysonnaz VS","NA<br><br>NA<br><br>NA",6267
6281,"Baltschieder VS","NA<br><br>",6281
6282,"Eisten VS","NA<br><br>NA<br><br>NA",6282
6283,"Embd VS","NA<br><br>NA<br><br>NA",6283
6285,"Grächen VS","NA<br><br>",6285
6286,"Lalden VS","NA<br><br>NA<br><br>NA",6286
6287,"Randa VS","NA<br><br>",6287
6288,"Saas-Almagell VS","NA<br><br>NA<br><br>NA",6288
6289,"Saas-Balen VS","NA<br><br>NA<br><br>NA",6289
6290,"Saas-Fee VS","NA<br><br>NA<br><br>NA",6290
6291,"Saas-Grund VS","NA<br><br>",6291
6292,"St. Niklaus VS","NA<br><br>NA<br><br>NA",6292
6293,"Stalden VS","NA<br><br>",6293
6294,"Staldenried VS","NA<br><br>NA<br><br>NA",6294
6295,"Täsch VS","NA<br><br>NA<br><br>NA",6295
6296,"Törbel VS","NA<br><br>NA<br><br>NA",6296
6297,"Visp VS","NA<br><br>",6297
6298,"Visperterminen VS","NA<br><br>",6298
6299,"Zeneggen VS","NA<br><br>NA<br><br>NA",6299
6300,"Zermatt VS","NA<br><br>",6300
6404,"Boudry NE","NA<br><br>NA",6404
6407,"Corcelles-Cormondrèche NE","NA<br><br>NA<br><br>NA",6407
6408,"Cortaillod NE","NA<br><br>NA<br><br>NA",6408
6412,"Peseux NE","NA<br><br>NA<br><br>NA",6412
6413,"Rochefort NE","NA<br><br>NA",6413
6416,"Milvignes NE","NA<br><br>NA<br><br>NA",6416
6417,"La Grande Béroche NE","NA<br><br>NA<br><br>NA",6417
6421,"La Chaux-de-Fonds NE","NA<br><br>NA<br><br>NA",6421
6422,"Les Planchettes NE","NA<br><br>",6422
6423,"La SagNE","NA<br><br>NA<br><br>NA",6423
6431,"Les Brenets NE","NA<br><br>NA<br><br>NA",6431
6432,"La BréviNE","NA<br><br>NA<br><br>NA",6432
6433,"Brot-Plamboz NE","NA<br><br>",6433
6434,"Le Cerneux-Péquignot NE","NA<br><br>NA<br><br>NA",6434
6435,"La Chaux-du-Milieu NE","NA<br><br>",6435
6436,"Le Locle NE","NA<br><br>NA<br><br>NA",6436
6437,"Les Ponts-de-Martel NE","NA<br><br>NA<br><br>NA",6437
6451,"Cornaux NE","NA<br><br>NA<br><br>NA",6451
6452,"Cressier NE","NA<br><br>NA<br><br>NA",6452
6453,"Enges NE","NA<br><br>",6453
6454,"Hauterive NE","NA<br><br>NA<br><br>NA",6454
6455,"Le Landeron NE","NA<br><br>NA<br><br>NA",6455
6456,"Lignières NE","NA<br><br>NA<br><br>NA",6456
6458,"Neuenburg NE","NA<br><br>NA<br><br>NA",6458
6459,"Saint-Blaise NE","NA<br><br>NA<br><br>NA",6459
6461,"La TèNE","NA<br><br>NA<br><br>NA",6461
6485,"Valangin NE","NA<br><br>",6485
6487,"Val-de-Ruz NE","NA<br><br>NA",6487
6504,"La Côte-aux-Fées NE","NA<br><br>",6504
6511,"Les Verrières NE","NA<br><br>NA<br><br>NA",6511
6512,"Val-de-Travers NE","NA<br><br>NA<br><br>NA",6512
6601,"Aire-la-Ville GE","NA<br><br>NA",6601
6602,"Anières GE","NA<br><br>NA",6602
6603,"Avully GE","NA<br><br>NA<br><br>NA",6603
6604,"Avusy GE","NA<br><br>NA<br><br>NA",6604
6605,"Bardonnex GE","NA<br><br>NA<br><br>NA",6605
6606,"Bellevue GE","NA<br><br>NA",6606
6607,"Bernex GE","NA<br><br>NA<br><br>NA",6607
6608,"CarouGE GE","NA<br><br>NA<br><br>",6608
6609,"Cartigny GE","NA<br><br>NA<br><br>NA",6609
6610,"Céligny GE","NA<br><br>NA<br><br>NA",6610
6611,"Chancy GE","NA<br><br>NA<br><br>NA",6611
6612,"Chêne-Bougeries GE","NA<br><br>NA<br><br>NA",6612
6613,"Chêne-Bourg GE","NA<br><br>NA<br><br>NA",6613
6614,"Choulex GE","NA<br><br>NA",6614
6615,"Collex-Bossy GE","NA<br><br>NA<br><br>NA",6615
6616,"Collonge-Bellerive GE","NA<br><br>NA",6616
6617,"Cologny GE","NA<br><br>NA",6617
6618,"Confignon GE","NA<br><br>NA<br><br>NA",6618
6619,"Corsier GE","NA<br><br>NA<br><br>NA",6619
6620,"Dardagny GE","NA<br><br>NA<br><br>NA",6620
6621,"Ginevra GE","NA<br><br>NA<br><br>NA",6621
6622,"Genthod GE","NA<br><br>NA<br><br>NA",6622
6623,"Le Grand-Saconnex GE","NA<br><br>NA<br><br>NA",6623
6624,"Gy GE","NA<br><br>NA<br><br>NA",6624
6625,"Hermance GE","NA<br><br>NA<br><br>NA",6625
6626,"Jussy GE","NA<br><br>NA<br><br>NA",6626
6627,"Laconnex GE","NA<br><br>NA",6627
6628,"Lancy GE","NA<br><br>NA<br><br>NA",6628
6629,"Meinier GE","NA<br><br>NA<br><br>NA",6629
6630,"Meyrin GE","NA<br><br>NA<br><br>NA",6630
6631,"Onex GE","NA<br><br>NA<br><br>NA",6631
6632,"Perly-Certoux GE","NA<br><br>NA<br><br>NA",6632
6633,"Plan-les-Ouates GE","NA<br><br>NA<br><br>NA",6633
6634,"Pregny-Chambésy GE","NA<br><br>NA<br><br>NA",6634
6635,"PresinGE","NA<br><br>NA<br><br>NA",6635
6636,"PuplinGE","NA<br><br>NA<br><br>NA",6636
6637,"Russin GE","NA<br><br>NA",6637
6638,"Satigny GE","NA<br><br>NA<br><br>NA",6638
6639,"Soral GE","NA<br><br>NA<br><br>NA",6639
6640,"Thônex GE","NA<br><br>NA<br><br>NA",6640
6641,"Troinex GE","NA<br><br>NA<br><br>NA",6641
6642,"Vandoeuvres GE","NA<br><br>NA",6642
6643,"Vernier GE","NA<br><br>NA<br><br>NA",6643
6644,"Versoix GE","NA<br><br>NA<br><br>NA",6644
6645,"Veyrier GE","NA<br><br>NA<br><br>NA",6645
6702,"Boécourt JU","NA<br><br>",6702
6703,"Bourrignon JU","NA<br><br>",6703
6704,"Châtillon JU","NA<br><br>",6704
6706,"Courchapoix JU","NA<br><br>",6706
6708,"Courrendlin JU","NA<br><br>NA<br><br>NA",6708
6709,"Courroux JU","NA<br><br>NA<br><br>NA",6709
6710,"Courtételle JU","NA<br><br>NA<br><br>NA",6710
6711,"Delsberg JU","NA<br><br>NA<br><br>NA",6711
6712,"Develier JU","NA<br><br>",6712
6713,"Ederswiler JU","NA<br><br>",6713
6715,"Mervelier JU","NA<br><br>",6715
6716,"Mettembert JU","NA<br><br>",6716
6718,"Movelier JU","NA<br><br>",6718
6719,"Pleigne JU","NA<br><br>",6719
6721,"Rossemaison JU","NA<br><br>",6721
6722,"Saulcy JU","NA<br><br>",6722
6724,"Soyhières JU","NA<br><br>",6724
6729,"Haute-Sorne JU","NA<br><br>NA<br><br>NA",6729
6730,"Val Terbi JU","NA<br><br>NA<br><br>NA",6730
6741,"Le Bémont JU","NA<br><br>",6741
6742,"Les Bois JU","NA<br><br>",6742
6743,"Les Breuleux JU","NA<br><br>NA<br><br>NA",6743
6744,"La Chaux-des-Breuleux JU","NA<br><br>",6744
6745,"Les Enfers JU","NA<br><br>",6745
6748,"Les Genevez JU","NA<br><br>NA",6748
6750,"Lajoux JU","NA<br><br>",6750
6751,"Montfaucon JU","NA<br><br>",6751
6753,"Muriaux JU","NA<br><br>",6753
6754,"Le Noirmont JU","NA<br><br>NA<br><br>NA",6754
6757,"Saignelégier JU","NA<br><br>NA<br><br>NA",6757
6758,"Saint-Brais JU","NA<br><br>",6758
6759,"Soubey JU","NA<br><br>",6759
6771,"Alle JU","NA<br><br>NA",6771
6773,"Beurnevésin JU","NA<br><br>",6773
6774,"Boncourt JU","NA<br><br>NA<br><br>NA",6774
6775,"Bonfol JU","NA<br><br>",6775
6778,"Bure JU","NA<br><br>NA",6778
6781,"Coeuve JU","NA<br><br>",6781
6782,"Cornol JU","NA<br><br>NA<br><br>NA",6782
6783,"Courchavon JU","NA<br><br>",6783
6784,"Courgenay JU","NA<br><br>NA<br><br>NA",6784
6785,"Courtedoux JU","NA<br><br>",6785
6787,"Damphreux JU","NA<br><br>",6787
6789,"Fahy JU","NA<br><br>",6789
6790,"Fontenais JU","NA<br><br>NA",6790
6792,"Grandfontaine JU","NA<br><br>",6792
6793,"Lugnez JU","NA<br><br>",6793
6800,"Pruntrut JU","NA<br><br>NA",6800
6806,"Vendlincourt JU","NA<br><br>",6806
6807,"Basse-Allaine JU","NA<br><br>NA<br><br>NA",6807
6808,"Clos du Doubs JU","NA<br><br>NA<br><br>NA",6808
6809,"Haute-Ajoie JU","NA<br><br>NA<br><br>NA",6809
6810,"La Baroche JU","NA<br><br>NA<br><br>NA",6810
